community,new_listings_2015,new_listings_2016,new_listings_change,closed_sales_2015,closed_sales_2016,closed_sales_change,median_price_2015,median_price_2016,median_price_change,market_time_2015,market_time_2016,market_time_change,percent_of_list_price_received_2015,percent_of_list_price_received_2016,percent_of_list_price_received_change,inventory_for_sale_2015,inventory_for_sale_2016,inventory_for_sale_change,months_supply_2015,months_supply_2016,months_supply_change
Addison,663,632,- 4.7%,407,393,- 3.4%,198900,218000,+ 9.6%,91,94,+ 4.0%,93.4,94.8,+ 1.5%,113,103,- 8.8%,3.3,3.3,+ 1.1%
Aurora and Eola,3611,3449,- 4.5%,2439,2619,+ 7.4%,159900,171000,+ 6.9%,86,73,- 14.9%,94.7,95.8,+ 1.2%,642,384,- 40.2%,3.1,1.8,- 44.3%
Bartlett,1221,1129,- 7.5%,644,754,+ 17.1%,237750,250000,+ 5.2%,89,83,- 7.0%,94.1,95.4,+ 1.4%,181,143,- 21.0%,3.3,2.3,- 30.1%
Bensenville,346,293,- 15.3%,199,202,+ 1.5%,178000,189450,+ 6.4%,91,94,+ 2.7%,92.4,93.7,+ 1.5%,72,43,- 40.3%,4.3,2.6,- 40.6%
Bloomingdale,613,607,- 1.0%,392,378,- 3.6%,230000,245375,+ 6.7%,85,87,+ 2.0%,93.2,95.0,+ 1.9%,111,73,- 34.2%,3.4,2.3,- 31.8%
Bolingbrook,1823,1554,- 14.8%,1206,1168,- 3.2%,180000,199900,+ 11.1%,83,82,- 0.6%,94.7,96.3,+ 1.7%,310,181,- 41.6%,3.1,1.9,- 38.6%
Burr Ridge,510,502,- 1.6%,195,218,+ 11.8%,575000,533500,- 7.2%,163,173,+ 6.0%,90.8,91.1,+ 0.4%,168,128,- 23.8%,10.8,7.1,- 33.7%
Carol Stream,740,721,- 2.6%,517,547,+ 5.8%,199900,210000,+ 5.1%,80,70,- 12.0%,94.6,96.0,+ 1.4%,119,55,- 53.8%,2.7,1.2,- 56.6%
Clarendon Hills,349,363,+ 4.0%,151,186,+ 23.2%,480000,413900,- 13.8%,99,112,+ 13.2%,92.5,92.9,+ 0.5%,78,54,- 30.8%,6.0,3.5,- 41.9%
Darien,625,664,+ 6.2%,357,426,+ 19.3%,265000,279000,+ 5.3%,90,80,- 11.6%,93.2,94.5,+ 1.3%,102,84,- 17.6%,3.3,2.4,- 27.3%
Downers Grove,1744,1820,+ 4.4%,897,934,+ 4.1%,295000,292250,- 0.9%,91,103,+ 13.7%,92.9,94.0,+ 1.2%,329,261,- 20.7%,4.3,3.3,- 23.0%
Elk Grove Village,770,736,- 4.4%,500,536,+ 7.2%,218750,220000,+ 0.6%,88,72,- 17.9%,93.6,94.7,+ 1.1%,112,90,- 19.6%,2.6,2.0,- 22.5%
Elmhurst,1360,1258,- 7.5%,717,681,- 5.0%,375000,400000,+ 6.7%,99,100,+ 1.3%,94.5,94.6,+ 0.1%,232,186,- 19.8%,3.8,3.3,- 14.3%
Glen Ellyn,1306,1309,+ 0.2%,649,743,+ 14.5%,365000,366000,+ 0.3%,101,103,+ 2.4%,93.3,94.4,+ 1.2%,250,174,- 30.4%,4.5,2.8,- 36.3%
Glendale Heights,654,602,- 8.0%,454,454,0.0%,152700,164000,+ 7.4%,87,71,- 19.0%,93.4,94.7,+ 1.5%,124,70,- 43.5%,3.2,1.8,- 44.0%
Hanover Park,752,699,- 7.0%,536,530,- 1.1%,147450,170000,+ 15.3%,73,70,- 4.2%,94.9,95.5,+ 0.6%,114,81,- 28.9%,2.5,1.9,- 23.6%
Hinsdale,829,876,+ 5.7%,345,369,+ 7.0%,765000,850000,+ 11.1%,155,153,- 1.4%,93.4,92.1,- 1.4%,196,193,- 1.5%,6.7,6.2,- 6.6%
Itasca,241,278,+ 15.4%,128,151,+ 18.0%,243000,263000,+ 8.2%,110,74,- 32.3%,92.5,95.0,+ 2.7%,44,45,+ 2.3%,3.9,3.6,- 5.3%
Lisle,735,702,- 4.5%,457,438,- 4.2%,279900,261000,- 6.8%,82,79,- 4.1%,96.0,94.5,- 1.6%,111,95,- 14.4%,3.0,2.6,- 13.6%
Lombard,1295,1239,- 4.3%,808,857,+ 6.1%,215250,225843,+ 4.9%,89,69,- 21.8%,93.1,94.3,+ 1.3%,187,136,- 27.3%,2.7,1.9,- 27.5%
Naperville,4803,4889,+ 1.8%,2554,2786,+ 9.1%,349995,356945,+ 2.0%,91,92,+ 1.2%,94.5,95.0,+ 0.6%,804,667,- 17.0%,3.7,2.9,- 22.2%
Oak Brook,359,351,- 2.2%,157,153,- 2.5%,590000,555000,- 5.9%,160,154,- 4.0%,90.5,90.1,- 0.5%,119,127,+ 6.7%,8.9,10.1,+ 13.8%
Oak Brook Terrace,57,62,+ 8.8%,30,22,- 26.7%,285500,224000,- 21.5%,101,75,- 25.6%,94.5,93.9,- 0.7%,11,11,0.0%,3.9,4.0,+ 1.8%
Roselle and Keeneyville,547,609,+ 11.3%,358,387,+ 8.1%,211250,227000,+ 7.5%,72,71,- 1.5%,93.8,94.7,+ 1.0%,82,75,- 8.5%,2.6,2.3,- 11.1%
Schaumburg,1788,1819,+ 1.7%,1200,1246,+ 3.8%,174400,185700,+ 6.5%,69,64,- 6.3%,95.0,95.5,+ 0.6%,271,204,- 24.7%,2.7,2.0,- 27.8%
St. Charles,1778,1777,- 0.1%,982,992,+ 1.0%,283250,289450,+ 2.2%,117,114,- 3.2%,93.1,94.5,+ 1.5%,421,353,- 16.2%,5.1,4.3,- 16.7%
Villa Park,564,585,+ 3.7%,349,384,+ 10.0%,190000,197000,+ 3.7%,83,79,- 5.4%,94.1,93.7,- 0.4%,89,58,- 34.8%,3.0,1.8,- 40.2%
Warrenville,327,444,+ 35.8%,218,266,+ 22.0%,178000,196450,+ 10.4%,78,60,- 23.2%,94.4,95.9,+ 1.6%,49,55,+ 12.2%,2.6,2.4,- 9.9%
Wayne,108,137,+ 26.9%,31,34,+ 9.7%,460000,465000,+ 1.1%,321,208,- 35.3%,86.3,91.1,+ 5.6%,43,49,+ 14.0%,16.1,16.3,+ 1.3%
West Chicago,648,637,- 1.7%,362,403,+ 11.3%,185500,228000,+ 22.9%,115,110,- 4.3%,93.2,95.0,+ 1.9%,126,94,- 25.4%,4.0,3.0,- 26.0%
Westmont,478,502,+ 5.0%,293,315,+ 7.5%,233000,228500,- 1.9%,97,77,- 20.8%,93.1,94.0,+ 0.9%,75,71,- 5.3%,3.1,2.7,- 13.6%
Wheaton,1659,1557,- 6.1%,876,994,+ 13.5%,290000,302250,+ 4.2%,90,94,+ 5.1%,93.4,94.7,+ 1.4%,282,200,- 29.1%,3.8,2.4,- 36.0%
Willowbrook,451,437,- 3.1%,260,284,+ 9.2%,154750,196500,+ 27.0%,86,92,+ 7.2%,93.4,93.5,+ 0.1%,93,66,- 29.0%,4.2,2.9,- 29.8%
Winfield,397,353,- 11.1%,210,224,+ 6.7%,252000,275000,+ 9.1%,93,96,+ 3.6%,94.4,94.0,- 0.4%,69,66,- 4.3%,3.9,3.8,- 2.5%
Wood Dale,390,355,- 9.0%,210,218,+ 3.8%,209500,219000,+ 4.5%,104,97,- 6.1%,92.0,93.4,+ 1.6%,80,61,- 23.8%,4.3,3.5,- 19.0%
Woodridge,723,635,- 12.2%,485,402,- 17.1%,222000,250000,+ 12.6%,81,78,- 3.1%,93.4,96.1,+ 2.8%,101,86,- 14.9%,2.6,2.6,+ 0.5%
Antioch,740,683,- 7.7%,395,399,+ 1.0%,180000,195000,+ 8.3%,134,125,- 6.9%,89.4,92.2,+ 3.1%,172,133,- 22.7%,5.3,3.9,- 25.7%
Bannockburn,40,41,+ 2.5%,10,8,- 20.0%,2337537,877500,- 62.5%,219,401,+ 83.0%,91.7,83.6,- 8.9%,21,19,- 9.5%,15.8,15.2,- 3.5%
Barrington Area,1651,1750,+ 6.0%,734,757,+ 3.1%,450000,430000,- 4.4%,157,162,+ 3.4%,91.5,92.2,+ 0.8%,532,503,- 5.5%,8.7,7.6,- 12.5%
Beach Park,303,265,- 12.5%,194,182,- 6.2%,125000,147250,+ 17.8%,85,110,+ 29.1%,92.9,93.4,+ 0.5%,82,51,- 37.8%,5.1,3.3,- 35.1%
Buffalo Grove,1271,1310,+ 3.1%,792,836,+ 5.6%,268000,281000,+ 4.9%,61,65,+ 6.7%,94.6,94.9,+ 0.4%,160,139,- 13.1%,2.4,2.0,- 16.8%
Deerfield,632,702,+ 11.1%,310,349,+ 12.6%,392500,399000,+ 1.7%,89,97,+ 8.3%,93.8,93.7,- 0.1%,120,117,- 2.5%,4.7,3.9,- 17.5%
Fox Lake,415,371,- 10.6%,205,235,+ 14.6%,100000,122000,+ 22.0%,105,113,+ 7.6%,89.5,90.3,+ 0.9%,87,68,- 21.8%,5.0,3.4,- 33.1%
Fox River Grove,156,149,- 4.5%,95,94,- 1.1%,220950,208725,- 5.5%,103,116,+ 12.4%,92.2,92.9,+ 0.8%,36,20,- 44.4%,4.9,2.5,- 49.0%
"Grayslake, Hainesville, Third Lake, Wildwood, Gages Lake",1144,1181,+ 3.2%,671,755,+ 12.5%,176000,175000,- 0.6%,95,92,- 2.9%,92.8,93.5,+ 0.8%,236,219,- 7.2%,4.2,3.5,- 15.8%
Gurnee,970,957,- 1.3%,597,616,+ 3.2%,214000,216250,+ 1.1%,86,81,- 5.9%,94.1,94.6,+ 0.6%,171,145,- 15.2%,3.4,2.8,- 17.5%
"Lake Zurich, Kildeer, Long Grove, Hawthorn Woods",1611,1586,- 1.6%,725,720,- 0.7%,415000,410000,- 1.2%,110,120,+ 9.0%,94.1,94.5,+ 0.5%,323,299,- 7.4%,5.3,4.9,- 7.8%
Highland Park,956,1067,+ 11.6%,513,497,- 3.1%,495000,495000,0.0%,111,117,+ 5.9%,91.1,91.3,+ 0.2%,264,284,+ 7.6%,6.1,7.0,+ 15.5%
Highwood,54,75,+ 38.9%,29,35,+ 20.7%,320000,415500,+ 29.8%,95,87,- 8.5%,90.6,94.2,+ 4.0%,13,16,+ 23.1%,5.4,4.7,- 12.5%
Indian Creek and Vernon Hills,725,836,+ 15.3%,482,506,+ 5.0%,310000,315000,+ 1.6%,74,70,- 5.3%,95.0,94.9,- 0.0%,112,103,- 8.0%,2.9,2.3,- 19.4%
Island Lake,271,236,- 12.9%,152,163,+ 7.2%,148000,155000,+ 4.7%,92,91,- 0.2%,91.7,94.4,+ 3.0%,55,28,- 49.1%,4.4,2.0,- 54.5%
Lake Bluff,325,323,- 0.6%,193,183,- 5.2%,420000,460000,+ 9.5%,91,116,+ 28.3%,92.7,91.5,- 1.3%,73,72,- 1.4%,4.6,4.7,+ 0.8%
Lake Forest,749,780,+ 4.1%,310,328,+ 5.8%,745000,730000,- 2.0%,138,168,+ 21.5%,90.8,89.4,- 1.5%,275,284,+ 3.3%,10.5,10.6,+ 0.7%
Lake Villa and Lindehurst,1045,972,- 7.0%,575,611,+ 6.3%,180000,194500,+ 8.1%,94,103,+ 9.0%,92.6,93.8,+ 1.4%,221,180,- 18.6%,4.5,3.6,- 21.0%
"Johnsburg, McHenry, McCullom",1492,1558,+ 4.4%,949,1015,+ 7.0%,143000,159900,+ 11.8%,103,100,- 2.9%,91.1,93.3,+ 2.4%,342,296,- 13.5%,4.3,3.4,- 21.1%
Libertyville and Green Oaks,897,945,+ 5.4%,428,494,+ 15.4%,394000,390000,- 1.0%,109,109,- 0.2%,94.2,94.1,- 0.1%,221,195,- 11.8%,6.2,4.7,- 24.2%
Lincolnshire,256,269,+ 5.1%,138,125,- 9.4%,509250,478000,- 6.1%,116,115,- 0.8%,93.1,92.5,- 0.6%,55,59,+ 7.3%,5.0,5.2,+ 4.1%
Mettawa,15,13,- 13.3%,6,4,- 33.3%,471500,626672,+ 32.9%,111,214,+ 92.3%,80.7,78.5,- 2.8%,7,9,+ 28.6%,5.8,9.0,+ 54.3%
Mundelein,821,864,+ 5.2%,521,547,+ 5.0%,193000,200000,+ 3.6%,84,78,- 6.2%,94.8,95.3,+ 0.5%,162,144,- 11.1%,3.8,3.0,- 19.9%
North Chicago,119,132,+ 10.9%,83,105,+ 26.5%,45000,52000,+ 15.6%,77,72,- 5.9%,87.6,94.4,+ 7.7%,29,13,- 55.2%,3.9,1.5,- 61.2%
Riverwoods,143,161,+ 12.6%,45,59,+ 31.1%,700000,630000,- 10.0%,108,177,+ 63.2%,89.4,89.6,+ 0.3%,45,45,0.0%,11.7,8.7,- 25.8%
Round Lake,556,562,+ 1.1%,382,375,- 1.8%,166770,161600,- 3.1%,90,87,- 3.4%,94.5,95.8,+ 1.4%,100,86,- 14.0%,3.2,2.7,- 14.5%
Vernon Hills,697,810,+ 16.2%,472,493,+ 4.4%,305000,310000,+ 1.6%,73,69,- 6.3%,95.0,95.0,+ 0.0%,108,99,- 8.3%,2.9,2.3,- 19.2%
Volo,253,284,+ 12.3%,128,166,+ 29.7%,170500,177750,+ 4.3%,75,83,+ 10.4%,96.5,97.2,+ 0.7%,53,43,- 18.9%,5.0,3.2,- 35.9%
Wadsworth and Old Mill Creek,194,216,+ 11.3%,94,103,+ 9.6%,223662,250000,+ 11.8%,133,139,+ 4.8%,91.6,91.1,- 0.5%,64,49,- 23.4%,8.4,4.9,- 41.5%
Wauconda,444,441,- 0.7%,243,278,+ 14.4%,199000,190250,- 4.4%,114,100,- 12.9%,92.4,94.0,+ 1.8%,100,81,- 19.0%,4.8,3.5,- 27.7%
Waukegan and Park City,861,869,+ 0.9%,636,680,+ 6.9%,79950,105000,+ 31.3%,92,66,- 27.7%,94.1,96.2,+ 2.2%,184,107,- 41.8%,3.4,1.8,- 46.1%
Winthrop Harbor,179,152,- 15.1%,86,111,+ 29.1%,144000,155000,+ 7.6%,113,122,+ 7.4%,90.1,92.3,+ 2.4%,50,34,- 32.0%,6.6,3.8,- 42.2%
Zion,469,459,- 2.1%,310,340,+ 9.7%,85000,96500,+ 13.5%,94,103,+ 9.4%,90.8,94.8,+ 4.5%,127,81,- 36.2%,4.8,2.8,- 41.9%
Arlington Heights,2260,2331,+ 3.1%,1260,1291,+ 2.5%,295000,310000,+ 5.1%,78,79,+ 0.8%,94.9,94.6,- 0.3%,323,276,- 14.6%,3.1,2.5,- 17.8%
Barrington Area,1651,1750,+ 6.0%,734,757,+ 3.1%,450000,430000,- 4.4%,157,162,+ 3.4%,91.5,92.2,+ 0.8%,532,503,- 5.5%,8.7,7.6,- 12.5%
Buffalo Grove,1271,1310,+ 3.1%,792,836,+ 5.6%,268000,281000,+ 4.9%,61,65,+ 6.7%,94.6,94.9,+ 0.4%,160,139,- 13.1%,2.4,2.0,- 16.8%
Des Plaines,1795,1812,+ 0.9%,1131,1176,+ 4.0%,185000,200000,+ 8.1%,79,72,- 8.6%,93.5,94.4,+ 1.0%,293,241,- 17.7%,3.1,2.4,- 23.2%
Elgin,2340,2394,+ 2.3%,1613,1609,- 0.2%,164900,175000,+ 6.1%,99,85,- 14.1%,95.3,95.8,+ 0.5%,458,355,- 22.5%,3.5,2.6,- 25.0%
Elk Grove Village,770,736,- 4.4%,500,536,+ 7.2%,218750,220000,+ 0.6%,88,72,- 17.9%,93.6,94.7,+ 1.1%,112,90,- 19.6%,2.6,2.0,- 22.5%
Evanston,1699,1600,- 5.8%,1139,1141,+ 0.2%,315000,316000,+ 0.3%,88,79,- 10.2%,93.8,94.7,+ 1.0%,259,185,- 28.6%,2.7,2.0,- 26.6%
Glencoe,280,328,+ 17.1%,130,143,+ 10.0%,894000,870000,- 2.7%,134,155,+ 15.5%,90.0,91.6,+ 1.8%,70,69,- 1.4%,6.8,5.5,- 18.5%
Glenview and Golf,1583,1649,+ 4.2%,827,856,+ 3.5%,440000,440000,0.0%,77,87,+ 12.9%,94.3,94.0,- 0.4%,284,294,+ 3.5%,4.1,4.0,- 3.4%
Hanover Park,752,699,- 7.0%,536,530,- 1.1%,147450,170000,+ 15.3%,73,70,- 4.2%,94.9,95.5,+ 0.6%,114,81,- 28.9%,2.5,1.9,- 23.6%
Harwood Heights,177,218,+ 23.2%,90,115,+ 27.8%,244000,247500,+ 1.4%,90,82,- 8.5%,92.9,94.7,+ 1.9%,33,34,+ 3.0%,4.2,3.7,- 11.8%
Hoffman Estates,1259,1166,- 7.4%,761,777,+ 2.1%,225000,239000,+ 6.2%,86,72,- 16.3%,94.6,95.7,+ 1.1%,183,125,- 31.7%,2.8,2.0,- 30.6%
Inverness,335,338,+ 0.9%,141,117,- 17.0%,550000,520000,- 5.5%,140,150,+ 7.3%,92.1,91.6,- 0.5%,83,71,- 14.5%,7.7,7.3,- 4.1%
Kenilworth,118,124,+ 5.1%,37,51,+ 37.8%,1450000,1200000,- 17.2%,200,278,+ 38.6%,90.1,87.5,- 3.0%,40,39,- 2.5%,12.3,8.6,- 30.3%
Lincolnwood,323,349,+ 8.0%,168,142,- 15.5%,358500,352500,- 1.7%,97,119,+ 23.0%,93.4,93.2,- 0.2%,57,42,- 26.3%,4.2,3.2,- 24.0%
Morton Grove,653,732,+ 12.1%,411,366,- 10.9%,260000,282750,+ 8.7%,87,64,- 26.5%,93.5,94.8,+ 1.4%,88,85,- 3.4%,2.7,2.7,+ 1.2%
Mount Prospect,1197,1162,- 2.9%,743,749,+ 0.8%,271000,285000,+ 5.2%,70,73,+ 4.7%,94.4,94.8,+ 0.4%,166,113,- 31.9%,2.6,1.8,- 31.1%
Niles,706,652,- 7.6%,441,382,- 13.4%,240000,252000,+ 5.0%,77,66,- 13.7%,94.2,95.2,+ 1.1%,95,71,- 25.3%,2.6,2.1,- 16.8%
Norridge,324,385,+ 18.8%,172,221,+ 28.5%,250000,260000,+ 4.0%,70,71,+ 2.6%,95.3,95.6,+ 0.2%,54,46,- 14.8%,3.7,2.5,- 31.9%
Northbrook,1267,1389,+ 9.6%,708,722,+ 2.0%,445000,435500,- 2.1%,85,92,+ 7.9%,93.8,93.4,- 0.4%,237,229,- 3.4%,4.0,3.7,- 7.2%
Northfield,188,186,- 1.1%,116,108,- 6.9%,566250,468250,- 17.3%,107,104,- 2.8%,91.4,92.2,+ 0.9%,41,41,0.0%,4.2,4.5,+ 6.4%
Palatine,2242,2213,- 1.3%,1191,1299,+ 9.1%,230000,237500,+ 3.3%,85,83,- 1.7%,94.6,94.6,+ 0.1%,411,304,- 26.0%,4.1,2.8,- 33.0%
Park Ridge,1380,1456,+ 5.5%,567,674,+ 18.9%,398000,390000,- 2.0%,84,108,+ 28.6%,94.2,94.5,+ 0.4%,236,169,- 28.4%,4.8,3.1,- 36.2%
Prospect Heights,421,387,- 8.1%,261,249,- 4.6%,210000,230000,+ 9.5%,80,96,+ 19.5%,94.2,93.9,- 0.3%,70,47,- 32.9%,3.3,2.2,- 32.1%
Rolling Meadows,515,490,- 4.9%,346,337,- 2.6%,190000,199000,+ 4.7%,71,65,- 8.3%,94.8,95.9,+ 1.2%,83,57,- 31.3%,2.8,2.0,- 30.1%
Roselle and Keeneyville,547,609,+ 11.3%,358,387,+ 8.1%,211250,227000,+ 7.5%,72,71,- 1.5%,93.8,94.7,+ 1.0%,82,75,- 8.5%,2.6,2.3,- 11.1%
Rosemont and Dundee,9,7,- 22.2%,9,8,- 11.1%,70000,122500,+ 75.0%,132,25,- 81.0%,93.9,99.2,+ 5.6%,1,0,- 100.0%,0.8,0.0,- 100.0%
Schaumburg,1788,1819,+ 1.7%,1200,1246,+ 3.8%,174400,185700,+ 6.5%,69,64,- 6.3%,95.0,95.5,+ 0.6%,271,204,- 24.7%,2.7,2.0,- 27.8%
Schiller Park,188,179,- 4.8%,121,111,- 8.3%,140000,195000,+ 39.3%,87,80,- 8.3%,91.6,93.4,+ 1.9%,34,19,- 44.1%,3.2,2.0,- 37.7%
Skokie,1294,1334,+ 3.1%,772,790,+ 2.3%,249893,282800,+ 13.2%,78,86,+ 9.5%,93.9,94.9,+ 1.0%,207,169,- 18.4%,3.1,2.6,- 15.8%
Streamwood,1100,1054,- 4.2%,723,734,+ 1.5%,158000,170000,+ 7.6%,82,70,- 14.5%,93.9,95.6,+ 1.8%,192,132,- 31.3%,3.1,2.2,- 29.9%
Wheeling,774,786,+ 1.6%,502,504,+ 0.4%,160000,173500,+ 8.4%,71,68,- 4.4%,94.6,94.7,+ 0.1%,113,89,- 21.2%,2.7,2.1,- 21.2%
Wilmette,830,888,+ 7.0%,448,486,+ 8.5%,634250,660000,+ 4.1%,82,93,+ 13.7%,93.7,93.4,- 0.3%,132,153,+ 15.9%,3.5,3.8,+ 11.3%
Winnetka,560,645,+ 15.2%,238,269,+ 13.0%,1072000,1075000,+ 0.3%,118,160,+ 35.1%,92.2,91.8,- 0.4%,132,127,- 3.8%,6.7,5.6,- 16.2%
Alsip,438,397,- 9.4%,250,271,+ 8.4%,122200,128000,+ 4.7%,119,87,- 27.1%,91.5,92.6,+ 1.3%,98,66,- 32.7%,4.6,2.8,- 39.3%
Bedford Park,5,2,- 60.0%,6,2,- 66.7%,168500,137500,- 18.4%,120,9,- 92.9%,92.4,98.8,+ 6.8%,2,0,- 100.0%,1.3,0.0,- 100.0%
Blue Island,289,242,- 16.3%,166,163,- 1.8%,62000,89000,+ 43.5%,110,112,+ 1.7%,88.5,94.1,+ 6.3%,62,45,- 27.4%,4.4,3.4,- 21.9%
Bridgeview,264,213,- 19.3%,130,141,+ 8.5%,148750,162500,+ 9.2%,86,124,+ 44.3%,90.8,93.0,+ 2.4%,69,37,- 46.4%,6.3,3.0,- 51.5%
Burbank,585,522,- 10.8%,294,320,+ 8.8%,158250,172950,+ 9.3%,108,101,- 5.9%,93.4,93.7,+ 0.3%,105,73,- 30.5%,4.1,2.7,- 33.3%
Burnham,74,65,- 12.2%,40,50,+ 25.0%,31900,49500,+ 55.2%,113,108,- 4.2%,84.4,86.4,+ 2.3%,20,13,- 35.0%,5.4,2.9,- 46.2%
Burr Ridge,510,502,- 1.6%,195,218,+ 11.8%,575000,533500,- 7.2%,163,173,+ 6.0%,90.8,91.1,+ 0.4%,168,128,- 23.8%,10.8,7.1,- 33.7%
Calumet City,771,706,- 8.4%,416,368,- 11.5%,41595,52050,+ 25.1%,125,123,- 1.0%,87.8,89.1,+ 1.5%,237,184,- 22.4%,6.8,5.4,- 21.2%
Calumet Park,121,126,+ 4.1%,81,74,- 8.6%,50000,44000,- 12.0%,144,110,- 23.8%,88.5,85.5,- 3.4%,35,31,- 11.4%,5.3,5.1,- 2.9%
Chicago Heights,486,449,- 7.6%,295,268,- 9.2%,55000,64950,+ 18.1%,125,115,- 8.5%,85.4,89.5,+ 4.8%,150,105,- 30.0%,6.0,4.6,- 22.3%
Chicago Ridge,228,264,+ 15.8%,157,153,- 2.5%,85000,95000,+ 11.8%,92,70,- 24.1%,90.6,92.8,+ 2.5%,44,37,- 15.9%,3.5,2.7,- 23.5%
Country Club Hills,493,441,- 10.5%,297,248,- 16.5%,71000,103500,+ 45.8%,123,109,- 11.6%,88.0,91.2,+ 3.6%,131,77,- 41.2%,5.1,3.5,- 31.1%
Crestwood,295,335,+ 13.6%,215,239,+ 11.2%,82500,90000,+ 9.1%,137,82,- 40.3%,93.3,96.2,+ 3.1%,61,27,- 55.7%,3.5,1.3,- 63.2%
Dixmoor,25,20,- 20.0%,10,19,+ 90.0%,26500,24900,- 6.0%,51,70,+ 36.2%,95.6,88.3,- 7.5%,8,3,- 62.5%,5.3,1.6,- 70.2%
Dolton,526,642,+ 22.1%,273,296,+ 8.4%,32500,38982,+ 19.9%,116,109,- 5.5%,87.6,91.1,+ 4.0%,155,145,- 6.5%,7.0,5.2,- 25.8%
East Hazel Crest,11,20,+ 81.8%,5,10,+ 100.0%,55000,57400,+ 4.4%,52,105,+ 103.1%,84.2,92.9,+ 10.3%,3,6,+ 100.0%,2.3,3.6,+ 60.0%
Evergreen Park,565,547,- 3.2%,293,305,+ 4.1%,153900,170000,+ 10.5%,112,96,- 14.1%,92.4,93.8,+ 1.6%,113,92,- 18.6%,4.4,3.7,- 15.9%
Flossmoor,354,413,+ 16.7%,173,215,+ 24.3%,185000,173000,- 6.5%,181,161,- 11.1%,90.3,90.7,+ 0.5%,118,104,- 11.9%,8.0,5.4,- 31.5%
Ford Heights,10,9,- 10.0%,4,4,0.0%,10900,8800,- 19.3%,96,175,+ 82.1%,81.7,89.6,+ 9.7%,4,4,0.0%,3.2,2.7,- 16.7%
Glenwood,240,198,- 17.5%,147,137,- 6.8%,75000,88000,+ 17.3%,131,108,- 17.9%,84.0,89.8,+ 6.9%,69,54,- 21.7%,5.4,4.7,- 14.4%
Harvey,223,229,+ 2.7%,112,122,+ 8.9%,16152,15987,- 1.0%,115,106,- 7.7%,86.2,90.2,+ 4.7%,80,73,- 8.8%,8.3,7.1,- 14.7%
Hometown,92,88,- 4.3%,67,58,- 13.4%,76900,106000,+ 37.8%,72,55,- 23.9%,90.5,96.2,+ 6.3%,15,9,- 40.0%,2.6,1.8,- 28.8%
Homewood,544,514,- 5.5%,350,361,+ 3.1%,114950,129900,+ 13.0%,104,101,- 3.0%,87.9,91.5,+ 4.1%,134,92,- 31.3%,4.5,3.0,- 34.5%
Justice,169,173,+ 2.4%,88,97,+ 10.2%,149950,153000,+ 2.0%,95,123,+ 29.4%,95.6,91.7,- 4.1%,36,24,- 33.3%,4.9,2.9,- 40.1%
Lansing,772,781,+ 1.2%,488,501,+ 2.7%,86600,93500,+ 8.0%,133,117,- 12.4%,88.0,89.9,+ 2.1%,218,185,- 15.1%,5.2,4.3,- 18.1%
Lemont,602,633,+ 5.1%,303,321,+ 5.9%,315000,364916,+ 15.8%,117,132,+ 12.8%,93.0,95.0,+ 2.2%,137,134,- 2.2%,5.2,5.2,+ 1.0%
Lynwood,192,213,+ 10.9%,107,102,- 4.7%,100000,126375,+ 26.4%,117,134,+ 13.9%,89.9,90.5,+ 0.7%,55,61,+ 10.9%,6.0,6.8,+ 14.0%
Markham,272,219,- 19.5%,152,109,- 28.3%,31100,42000,+ 35.0%,108,145,+ 33.4%,87.2,90.8,+ 4.1%,80,45,- 43.8%,5.8,4.7,- 18.6%
Matteson,489,518,+ 5.9%,248,299,+ 20.6%,119900,120000,+ 0.1%,123,116,- 5.3%,89.1,91.4,+ 2.5%,144,117,- 18.8%,6.5,4.4,- 32.0%
Merrionette Park,36,37,+ 2.8%,24,34,+ 41.7%,92000,97500,+ 6.0%,90,71,- 20.5%,89.9,89.7,- 0.1%,11,5,- 54.5%,4.1,1.9,- 53.4%
Midlothian,453,381,- 15.9%,239,238,- 0.4%,108000,124950,+ 15.7%,121,119,- 1.4%,89.9,93.9,+ 4.5%,96,57,- 40.6%,4.7,2.9,- 38.1%
Oak Lawn,1531,1551,+ 1.3%,854,937,+ 9.7%,134450,157500,+ 17.1%,110,97,- 11.7%,91.2,93.4,+ 2.4%,288,241,- 16.3%,3.9,3.0,- 21.8%
Orland Hills,121,135,+ 11.6%,70,82,+ 17.1%,181500,199200,+ 9.8%,81,90,+ 11.0%,105.4,94.5,- 10.4%,21,16,- 23.8%,3.6,2.3,- 37.3%
Orland Park,1693,1826,+ 7.9%,980,1132,+ 15.5%,234325,240000,+ 2.4%,100,87,- 13.5%,93.5,94.7,+ 1.3%,281,281,0.0%,3.3,3.0,- 7.7%
Palos Heights,369,424,+ 14.9%,229,221,- 3.5%,235000,243000,+ 3.4%,106,102,- 3.5%,91.6,93.8,+ 2.3%,71,79,+ 11.3%,3.7,4.2,+ 14.7%
Palos Hills,468,423,- 9.6%,258,271,+ 5.0%,139800,150000,+ 7.3%,86,86,- 1.0%,92.8,94.3,+ 1.6%,100,56,- 44.0%,4.4,2.5,- 43.6%
Palos Park,294,352,+ 19.7%,113,119,+ 5.3%,303500,286000,- 5.8%,145,126,- 13.5%,93.0,91.7,- 1.4%,71,71,0.0%,7.3,6.9,- 5.6%
Phoenix,19,16,- 15.8%,14,11,- 21.4%,15500,26000,+ 67.7%,79,46,- 41.6%,81.7,93.9,+ 14.9%,6,2,- 66.7%,2.8,1.4,- 50.0%
Posen,88,82,- 6.8%,58,61,+ 5.2%,78250,85000,+ 8.6%,102,108,+ 6.5%,88.3,93.5,+ 5.8%,18,11,- 38.9%,3.4,2.3,- 31.4%
Richton Park,292,302,+ 3.4%,172,175,+ 1.7%,70500,99000,+ 40.4%,109,107,- 1.7%,87.8,90.3,+ 2.8%,106,59,- 44.3%,7.9,3.7,- 53.3%
Riverdale,152,189,+ 24.3%,93,88,- 5.4%,21500,26212,+ 21.9%,104,89,- 14.4%,89.5,92.1,+ 2.8%,47,40,- 14.9%,6.1,5.2,- 15.8%
Robbins,44,33,- 25.0%,15,19,+ 26.7%,27000,28900,+ 7.0%,99,100,+ 1.2%,82.4,87.4,+ 6.1%,9,12,+ 33.3%,5.8,5.7,- 2.4%
Sauk Village,198,191,- 3.5%,127,121,- 4.7%,25000,24468,- 2.1%,110,106,- 3.9%,84.6,84.2,- 0.5%,72,40,- 44.4%,6.8,3.8,- 44.4%
South Chicago Heights,67,67,0.0%,46,46,0.0%,61000,59950,- 1.7%,108,96,- 10.7%,86.5,92.0,+ 6.3%,17,11,- 35.3%,5.0,2.5,- 49.9%
South Holland,575,583,+ 1.4%,357,369,+ 3.4%,109000,102000,- 6.4%,109,105,- 3.8%,90.4,92.3,+ 2.0%,144,121,- 16.0%,4.8,3.7,- 22.6%
Summit,109,115,+ 5.5%,56,57,+ 1.8%,105000,136000,+ 29.5%,101,121,+ 20.3%,91.8,93.3,+ 1.6%,30,32,+ 6.7%,6.2,5.8,- 6.3%
Thornton,45,53,+ 17.8%,26,31,+ 19.2%,86750,95000,+ 9.5%,119,70,- 41.4%,86.4,89.3,+ 3.4%,10,13,+ 30.0%,4.4,5.0,+ 13.2%
Tinley Park,1494,1603,+ 7.3%,909,1021,+ 12.3%,175000,182500,+ 4.3%,101,87,- 13.2%,91.8,93.9,+ 2.3%,281,236,- 16.0%,3.6,2.7,- 24.6%
Willow Springs,177,163,- 7.9%,97,87,- 10.3%,215000,220000,+ 2.3%,169,124,- 26.6%,88.6,91.6,+ 3.4%,45,31,- 31.1%,5.5,4.1,- 25.8%
Worth,232,226,- 2.6%,138,141,+ 2.2%,127500,138000,+ 8.2%,111,83,- 25.5%,91.3,91.9,+ 0.6%,53,27,- 49.1%,4.4,2.2,- 50.8%
Bellwood,404,368,- 8.9%,270,257,- 4.8%,110000,119700,+ 8.8%,84,80,- 4.2%,93.3,94.5,+ 1.3%,89,76,- 14.6%,3.7,3.4,- 9.9%
Berkeley,105,96,- 8.6%,77,71,- 7.8%,135000,152000,+ 12.6%,94,74,- 21.0%,93.5,95.4,+ 2.0%,18,15,- 16.7%,2.7,2.5,- 4.9%
Berwyn,954,1024,+ 7.3%,530,580,+ 9.4%,167500,185000,+ 10.4%,85,85,- 0.5%,94.6,94.8,+ 0.2%,179,125,- 30.2%,4.0,2.6,- 35.2%
Brookfield,522,479,- 8.2%,325,311,- 4.3%,219000,229000,+ 4.6%,82,69,- 15.7%,93.9,94.9,+ 1.1%,71,53,- 25.4%,2.6,2.0,- 24.2%
Cicero,598,543,- 9.2%,392,357,- 8.9%,113500,135500,+ 19.4%,66,82,+ 24.9%,97.3,97.2,- 0.1%,129,85,- 34.1%,4.2,2.7,- 33.9%
Countryside,176,120,- 31.8%,81,74,- 8.6%,176000,229950,+ 30.7%,122,95,- 21.5%,101.4,91.4,- 9.8%,28,16,- 42.9%,4.0,2.6,- 36.0%
Elmwood Park,551,557,+ 1.1%,349,317,- 9.2%,192000,214000,+ 11.5%,91,90,- 0.7%,93.6,94.8,+ 1.2%,94,76,- 19.1%,3.3,2.8,- 14.1%
Forest Park,441,392,- 11.1%,242,278,+ 14.9%,169950,190500,+ 12.1%,84,89,+ 5.4%,92.2,95.2,+ 3.2%,81,52,- 35.8%,3.9,2.3,- 40.8%
Forest View,17,13,- 23.5%,15,10,- 33.3%,143500,150433,+ 4.8%,68,85,+ 25.1%,89.7,101.9,+ 13.6%,1,4,+ 300.0%,0.7,2.4,+ 227.3%
Franklin Park,328,347,+ 5.8%,211,250,+ 18.5%,155000,175000,+ 12.9%,84,75,- 10.8%,94.6,95.6,+ 1.1%,54,36,- 33.3%,3.1,1.7,- 45.3%
Hillside,153,141,- 7.8%,106,98,- 7.5%,117250,142950,+ 21.9%,80,83,+ 3.3%,94.0,96.3,+ 2.5%,26,23,- 11.5%,2.7,3.0,+ 9.4%
Hodgkins,8,3,- 62.5%,4,3,- 25.0%,190150,197500,+ 3.9%,87,107,+ 23.0%,96.7,96.3,- 0.4%,1,0,- 100.0%,0.8,0.0,- 100.0%
Indian Head Park,135,145,+ 7.4%,80,110,+ 37.5%,215500,212000,- 1.6%,87,78,- 9.5%,93.2,93.6,+ 0.4%,25,16,- 36.0%,3.7,1.8,- 52.0%
La Grange,496,475,- 4.2%,249,266,+ 6.8%,415000,399000,- 3.9%,101,112,+ 11.3%,92.9,94.0,+ 1.2%,99,74,- 25.3%,4.6,3.4,- 25.8%
La Grange Park,289,269,- 6.9%,165,190,+ 15.2%,325000,319370,- 1.7%,77,87,+ 13.5%,93.6,94.3,+ 0.8%,49,29,- 40.8%,3.6,1.8,- 49.9%
Maywood,345,334,- 3.2%,229,232,+ 1.3%,75000,84000,+ 12.0%,112,97,- 14.0%,94.0,93.2,- 0.9%,90,66,- 26.7%,4.6,3.4,- 27.0%
McCook,6,2,- 66.7%,2,0,- 100.0%,90000,0,- 100.0%,57,0,- 100.0%,94.2,0.0,- 100.0%,2,2,0.0%,2.0,0.0,- 100.0%
Melrose Park,277,323,+ 16.6%,191,205,+ 7.3%,145000,167000,+ 15.2%,99,90,- 8.9%,94.9,94.9,- 0.0%,60,49,- 18.3%,3.8,2.7,- 29.5%
Northlake,165,196,+ 18.8%,129,119,- 7.8%,140000,170000,+ 21.4%,88,61,- 30.8%,93.4,97.2,+ 4.2%,24,31,+ 29.2%,2.2,2.9,+ 35.3%
North Riverside,124,109,- 12.1%,73,90,+ 23.3%,215000,223450,+ 3.9%,91,73,- 19.4%,91.8,105.8,+ 15.2%,32,13,- 59.4%,5.2,1.7,- 66.6%
Oak Park,1447,1472,+ 1.7%,797,940,+ 17.9%,312500,340600,+ 9.0%,92,84,- 8.4%,93.3,94.5,+ 1.3%,247,149,- 39.7%,3.6,1.8,- 48.5%
River Forest,366,374,+ 2.2%,189,208,+ 10.1%,467500,471250,+ 0.8%,84,114,+ 36.5%,93.1,93.2,+ 0.1%,78,63,- 19.2%,4.9,3.5,- 28.5%
River Grove,190,199,+ 4.7%,123,133,+ 8.1%,165000,153000,- 7.3%,83,71,- 15.5%,92.9,94.0,+ 1.1%,40,24,- 40.0%,3.8,2.1,- 44.9%
Riverside,279,292,+ 4.7%,143,131,- 8.4%,338500,405000,+ 19.6%,153,148,- 3.1%,91.4,91.6,+ 0.1%,57,58,+ 1.8%,4.8,4.9,+ 2.5%
Stickney,157,147,- 6.4%,95,98,+ 3.2%,145000,153500,+ 5.9%,110,68,- 38.2%,92.2,94.3,+ 2.3%,28,25,- 10.7%,3.3,3.3,+ 0.2%
Stone Park,47,39,- 17.0%,24,25,+ 4.2%,60000,129000,+ 115.0%,197,96,- 51.1%,93.3,90.9,- 2.5%,14,7,- 50.0%,5.9,2.9,- 51.7%
Westchester,524,477,- 9.0%,344,360,+ 4.7%,201700,222000,+ 10.1%,103,81,- 21.3%,93.2,94.9,+ 1.8%,99,47,- 52.5%,3.4,1.6,- 54.1%
Western Springs,399,457,+ 14.5%,192,219,+ 14.1%,583750,546000,- 6.5%,100,109,+ 8.9%,93.8,94.2,+ 0.4%,73,69,- 5.5%,4.4,3.7,- 14.4%
Beecher,169,111,- 34.3%,115,74,- 35.7%,160000,174500,+ 9.1%,180,170,- 5.8%,89.9,91.0,+ 1.2%,42,38,- 9.5%,4.2,6.5,+ 53.8%
Bolingbrook,1823,1554,- 14.8%,1206,1168,- 3.2%,180000,199900,+ 11.1%,83,82,- 0.6%,94.7,96.3,+ 1.7%,310,181,- 41.6%,3.1,1.9,- 38.6%
Braidwood,126,126,0.0%,89,94,+ 5.6%,134000,140500,+ 4.9%,104,98,- 6.1%,89.9,100.0,+ 11.2%,38,24,- 36.8%,5.4,2.9,- 45.2%
Channahon,234,237,+ 1.3%,175,182,+ 4.0%,197000,200500,+ 1.8%,92,64,- 30.5%,94.1,95.0,+ 1.0%,36,32,- 11.1%,2.5,2.2,- 10.6%
Crest Hill,378,358,- 5.3%,306,271,- 11.4%,132250,149900,+ 13.3%,78,58,- 25.9%,93.4,94.9,+ 1.6%,56,46,- 17.9%,2.2,2.0,- 8.7%
Crete,492,424,- 13.8%,284,275,- 3.2%,125000,152000,+ 21.6%,194,154,- 20.9%,85.3,90.5,+ 6.1%,161,93,- 42.2%,6.9,3.8,- 44.2%
"Coal City, Carbon Hill, Diamond",147,165,+ 12.2%,106,128,+ 20.8%,147475,154625,+ 4.8%,144,101,- 30.4%,90.1,93.2,+ 3.5%,41,36,- 12.2%,4.7,3.2,- 31.3%
Elwood,98,69,- 29.6%,60,51,- 15.0%,146750,166500,+ 13.5%,146,127,- 13.3%,87.1,93.4,+ 7.3%,20,17,- 15.0%,4.1,3.6,- 11.7%
Frankfort and Green Garden,853,890,+ 4.3%,446,532,+ 19.3%,307000,305000,- 0.7%,125,97,- 22.6%,93.3,94.8,+ 1.5%,189,153,- 19.0%,4.9,3.6,- 26.5%
Godley and Braceville,1651,1750,+ 6.0%,734,757,+ 3.1%,450000,430000,- 4.4%,157,162,+ 3.4%,91.5,92.2,+ 0.8%,532,503,- 5.5%,8.7,7.6,- 12.5%
Joliet,2294,2198,- 4.2%,1663,1674,+ 0.7%,124900,142000,+ 13.7%,85,73,- 13.3%,92.0,95.1,+ 3.3%,472,329,- 30.3%,3.4,2.3,- 32.6%
Lockport and Homer Township,863,840,- 2.7%,581,594,+ 2.2%,172500,180000,+ 4.3%,91,81,- 11.4%,93.1,95.2,+ 2.2%,178,116,- 34.8%,3.6,2.4,- 35.2%
Manhattan and Wilton Center,234,268,+ 14.5%,161,165,+ 2.5%,204000,219900,+ 7.8%,119,96,- 18.9%,92.6,94.6,+ 2.2%,58,62,+ 6.9%,4.3,4.4,+ 1.8%
Minooka,284,294,+ 3.5%,214,233,+ 8.9%,175000,194900,+ 11.4%,81,64,- 20.8%,94.0,96.4,+ 2.5%,49,31,- 36.7%,2.7,1.6,- 40.0%
Mokena,602,589,- 2.2%,370,339,- 8.4%,252250,257001,+ 1.9%,102,96,- 5.5%,93.6,94.6,+ 1.2%,118,107,- 9.3%,3.9,3.7,- 3.8%
Monee,300,250,- 16.7%,159,158,- 0.6%,168000,160000,- 4.8%,161,135,- 15.9%,88.7,91.5,+ 3.2%,68,52,- 23.5%,5.0,4.1,- 18.0%
Naperville,4803,4889,+ 1.8%,2554,2786,+ 9.1%,349995,356945,+ 2.0%,91,92,+ 1.2%,94.5,95.0,+ 0.6%,804,667,- 17.0%,3.7,2.9,- 22.2%
New Lenox,785,885,+ 12.7%,497,526,+ 5.8%,250000,260250,+ 4.1%,105,91,- 13.3%,93.8,95.1,+ 1.4%,166,161,- 3.0%,3.9,3.6,- 7.2%
Park Forest,568,601,+ 5.8%,295,279,- 5.4%,30500,37500,+ 23.0%,112,129,+ 14.9%,84.4,87.4,+ 3.5%,200,152,- 24.0%,8.2,6.1,- 25.5%
Peotone,128,111,- 13.3%,73,68,- 6.8%,170500,194000,+ 13.8%,153,113,- 26.2%,88.8,92.7,+ 4.3%,23,22,- 4.3%,4.1,3.8,- 8.4%
Plainfield,2616,2553,- 2.4%,1704,1835,+ 7.7%,207750,221750,+ 6.7%,80,74,- 8.3%,94.0,96.1,+ 2.1%,475,352,- 25.9%,3.3,2.3,- 30.2%
Rockdale,13,21,+ 61.5%,11,10,- 9.1%,72500,105000,+ 44.8%,88,64,- 27.5%,86.7,94.5,+ 9.0%,2,1,- 50.0%,1.3,0.7,- 48.1%
Romeoville,869,819,- 5.8%,713,665,- 6.7%,140000,159900,+ 14.2%,89,63,- 29.3%,94.1,96.7,+ 2.7%,140,93,- 33.6%,2.4,1.7,- 29.6%
Sauk Village,198,191,- 3.5%,127,121,- 4.7%,25000,24468,- 2.1%,110,106,- 3.9%,84.6,84.2,- 0.5%,72,40,- 44.4%,6.8,3.8,- 44.4%
Shorewood,470,522,+ 11.1%,342,317,- 7.3%,220000,230000,+ 4.5%,90,70,- 22.5%,94.1,95.4,+ 1.4%,83,95,+ 14.5%,2.9,3.6,+ 25.4%
Steger,176,173,- 1.7%,101,115,+ 13.9%,55563,74900,+ 34.8%,160,145,- 9.6%,80.7,87.9,+ 9.0%,57,30,- 47.4%,6.0,3.4,- 43.9%
Symerton,0,0,--,0,0,--,0,0,--,0,0,--,0.0,0.0,--,0,0,--,0.0,0.0,--
University Park,132,135,+ 2.3%,91,89,- 2.2%,65500,86000,+ 31.3%,102,101,- 1.5%,88.1,91.6,+ 4.0%,35,27,- 22.9%,4.7,3.6,- 22.0%
Wilmington,294,311,+ 5.8%,154,164,+ 6.5%,133500,135000,+ 1.1%,159,147,- 7.5%,89.2,88.0,- 1.3%,112,104,- 7.1%,9.0,7.4,- 17.1%
Woodridge,723,635,- 12.2%,485,402,- 17.1%,222000,250000,+ 12.6%,81,78,- 3.1%,93.4,96.1,+ 2.8%,101,86,- 14.9%,2.6,2.6,+ 0.5%
Tinley Park,1494,1603,+ 7.3%,909,1021,+ 12.3%,175000,182500,+ 4.3%,101,87,- 13.2%,91.8,93.9,+ 2.3%,281,236,- 16.0%,3.6,2.7,- 24.6%
