Place,Agency,Population 2015,Homicide 2015,Rape 2015,Robbery 2015,Aggravated assault 2015,Burglary 2015,Theft 2015,Motor theft 2015,Arson 2015,Cannabis 2015,Controlled substance 2015,Drug paraphernalia 2015,Hypodermic needle 2015,Methamphetamine 2015,Total drug crime 2015,Population 2014,Homicide 2014,Rape 2014,Robbery 2014,Aggravated assault 2014,Burglary 2014,Theft 2014,Motor theft 2014,Arson 2014,Cannabis 2014,Controlled substance 2014,Drug paraphernalia 2014,Hypodermic needle 2014,Methamphetamine 2014,Total drug crime 2014,Avg Commute Time,Diversity Index,Time to Loop - Car,Time to Loop - Transit,Time to Midway - Car,Time to Midway - Transit,Time to O'Hare - Car,Time to O'Hare - Transit
"Addison village, Illinois",ADDISON PD,37370,0,24,19,41,92,605,29,2,92,51,40,3,0,186,37480,0,12,11,42,89,505,18,1,97,37,27,4,1,166,26.199020720128978,1.0130786275223453,32,113,33,130,17,139
"Algonquin village, Illinois",ALGONQUIN PD (MCA),30497,0,6,1,16,25,376,5,14,29,7,41,1,0,78,30566,0,1,3,14,29,413,5,7,22,6,22,0,0,50,37.30595327807084,0.619292234452411,62,140,66,157,37,131
"Alsip village, Illinois",ALSIP PD,19462,1,0,27,1,81,439,44,2,17,10,6,0,0,33,19493,0,1,16,3,93,409,59,4,19,7,3,0,0,29,30.73575072078066,1.0295229690191174,37,73,22,33,29,124
"Antioch village, Illinois",ANTIOCH PD,14398,0,4,2,7,20,152,6,1,69,19,65,2,0,155,14398,0,2,1,13,21,198,6,2,71,23,81,3,0,178,36.875663381349504,0.577479199550408,66,117,74,141,43,98
"Arlington Heights village, Illinois",ARLINGTON HEIGHTS PD,76241,1,6,15,20,78,560,10,7,78,25,57,0,0,160,76200,0,4,12,27,134,588,21,1,90,21,76,0,0,187,29.3893076298019,0.6066893664787546,44,81,48,96,19,53
"Aurora city, Illinois",AURORA PD (MCA),207293,9,60,130,451,471,2458,160,12,668,180,240,11,4,1103,206610,8,43,108,399,509,2356,117,19,644,204,318,6,2,1174,29.19987651549169,1.1800031484153628,52,102,50,97,40,142
"Bannockburn village, Illinois",BANNOCKBURN PD,1573,0,0,0,0,0,17,0,0,8,1,4,0,0,13,1575,0,0,0,0,0,10,0,0,12,1,6,0,0,19,19.330543933054393,0.7240437380034161,42,,50,,19,
"Barrington Hills village, Illinois",BARRINGTON HILLS PD (MCA),4408,0,0,0,0,1,27,0,0,7,1,6,0,0,14,4376,0,0,0,0,5,14,0,0,4,0,2,0,0,6,36.476351351351354,0.3705490229743347,54,,58,,30,
"Barrington village, Illinois",BARRINGTON PD (MCA),5692,0,2,0,0,3,26,2,1,7,1,11,0,0,19,5688,0,2,0,0,7,43,2,0,21,1,5,1,0,28,33.116790064485315,0.504748261281737,54,95,58,110,30,67
"Bartlett village, Illinois",BARTLETT PD (MCA),41726,0,3,4,19,10,173,8,1,62,17,20,0,0,99,41785,1,1,3,9,15,216,5,6,81,18,23,0,0,122,34.39848514656699,0.8682776466625681,46,86,47,110,29,72
"Batavia city, Illinois",BATAVIA PD,26485,0,4,7,17,21,323,5,3,36,6,45,0,0,87,26445,0,6,5,25,24,347,3,8,47,10,41,1,0,99,28.877249303032862,0.4626811870771051,52,154,50,130,40,190
"Beach Park village, Illinois",,,,,,,,,,,,,,,,,,,,,,,,,,,,,,,,28.338154469192943,1.1079075709574173,66,153,73,180,41,178
"Bedford Park village, Illinois",,,,,,,,,,,,,,,,,,,,,,,,,,,,,,,,25.926573426573427,0.6720329970485212,34,46,12,12,36,95
"Beecher village, Illinois",BEECHER PD,4483,0,0,1,4,13,45,1,1,19,2,7,0,0,28,4470,0,0,0,3,3,38,5,0,13,1,10,0,0,24,31.414087513340448,0.4757625293029017,52,,54,,61,
"Bellwood village, Illinois",BELLWOOD PD,19170,0,12,35,49,79,259,46,0,38,13,18,1,0,70,19181,2,6,22,85,106,287,41,2,88,37,20,1,0,146,30.86869636769719,0.7626681133303396,24,54,27,85,14,67
"Bensenville village, Illinois",BENSENVILLE PD,18518,0,6,5,7,31,173,19,0,43,21,37,0,0,101,18577,1,6,5,7,31,173,19,0,43,21,37,0,0,101,27.83306055646481,0.9761241669456818,36,63,37,76,13,50
"Berkeley village, Illinois",BERKELEY PD,5235,0,1,8,8,15,72,6,0,54,4,23,0,0,81,5243,1,3,3,10,12,63,3,2,35,2,23,0,0,60,28.2835201328352,1.2969003493508824,26,76,28,93,13,73
"Berwyn city, Illinois",BERWYN PD,56697,2,12,41,69,277,877,96,11,312,94,34,0,0,440,56778,0,11,57,59,262,822,79,5,180,69,34,0,0,283,29.96419231542949,0.9839929957852034,22,52,21,46,25,90
"Big Rock village, Illinois",,,,,,,,,,,,,,,,,,,,,,,,,,,,,,,,26.78171641791045,0.19856773787915022,58,,56,,45,
"Bloomingdale village, Illinois",BLOOMINGDALE PD,22353,0,1,1,3,14,197,2,3,116,13,80,0,0,209,22412,1,5,3,7,35,525,6,0,158,21,97,0,0,276,28.31183192038334,0.8075625401731003,38,112,39,130,22,138
"Blue Island city, Illinois",BLUE ISLAND PD,23800,,,,,,,,,,,,,,,23811,1,12,54,69,147,430,60,3,44,19,11,0,0,74,29.13341913341913,1.1101726169988224,30,51,32,65,38,100
"Bolingbrook village, Illinois",BOLINGBROOK PD (MCA),74356,2,24,22,88,79,866,46,1,279,96,246,0,4,625,74049,0,17,46,93,95,854,37,10,315,84,234,1,2,636,32.49023635259062,1.2988919210315366,40,70,28,94,32,117
"Braceville village, Illinois",,,,,,,,,,,,,,,,,,,,,,,,,,,,,,,,29.592391304347824,0.34915766422630834,72,,60,,64,
"Braidwood city, Illinois",BRAIDWOOD PD,6169,0,0,2,3,15,75,5,0,14,29,17,2,1,63,6143,0,2,0,5,24,63,0,3,35,16,27,7,0,85,31.52934936350778,0.16831545001850085,71,,58,,62,
"Bridgeview village, Illinois",BRIDGEVIEW PD,16499,0,3,18,27,36,346,21,2,132,36,31,0,0,199,16474,0,1,6,21,42,389,44,4,72,34,26,0,1,133,29.60901207804274,0.8076820911056047,32,63,15,23,29,109
"Broadview village, Illinois",BROADVIEW PD,7965,0,5,13,7,34,265,18,2,97,21,15,0,0,133,7980,1,2,15,12,34,327,28,0,94,44,18,0,0,156,24.518054746651135,0.9088060514600712,21,50,25,79,17,64
"Brookfield village, Illinois",BROOKFIELD PD,19033,0,8,4,16,42,152,19,1,49,8,43,0,0,100,19052,0,7,4,18,52,162,6,2,95,12,72,0,0,179,29.050400173047805,0.6829404582308607,30,67,18,54,24,71
"Buffalo Grove village, Illinois",BUFFALO GROVE PD (MCA),41760,0,0,0,2,54,176,7,0,90,26,76,0,0,192,41840,0,3,2,5,41,248,2,1,56,23,41,0,0,120,29.502378509467402,0.7396338306762008,47,80,53,104,22,61
"Bull Valley village, Illinois",BULL VALLEY PD,1103,,,,,,,,,,,,,,,1108,0,0,0,1,0,2,0,0,56,2,28,1,0,87,37.62312633832976,0.475432852954668,85,,87,,60,
"Burbank city, Illinois",BURBANK PD,29287,0,5,11,31,65,251,27,1,76,29,8,0,2,115,29276,0,5,10,29,73,309,19,0,35,36,19,0,1,91,31.033124296510692,0.8377512314015401,35,44,9,10,33,93
"Burlington village, Illinois",,,,,,,,,,,,,,,,,,,,,,,,,,,,,,,,31.569767441860463,0.0388124237051986,70,,71,,45,
"Burnham village, Illinois",BURNHAM PD,4233,0,0,0,11,20,81,11,0,13,6,0,0,0,19,4236,0,1,1,2,25,79,17,0,19,8,0,0,0,27,31.30016051364366,0.9870416751419872,33,82,35,108,50,138
"Burr Ridge village, Illinois",BURR RIDGE PD (MCA),10809,0,1,0,1,12,67,11,0,37,14,33,0,0,84,10794,0,0,1,2,26,72,4,0,41,8,34,0,1,84,30.62121212121212,0.7574998382511602,30,42,18,66,21,89
"Calumet City city, Illinois",CALUMET CITY PD,37248,4,22,118,84,273,1211,152,9,30,71,0,0,0,101,37281,3,27,101,61,294,1087,179,3,71,48,0,0,0,119,31.422937316766717,0.8761056140133541,35,77,37,122,50,149
"Calumet Park village, Illinois",,,,,,,,,,,,,,,,,,,,,,,,,,,,,,,,33.797061524334254,0.5185396802521267,26,47,28,72,37,102
"Campton Hills village, Illinois",CAMPTON HILLS PD,11366,0,2,0,2,15,20,1,0,0,0,0,0,0,0,11351,0,0,0,2,9,23,2,1,0,0,0,0,0,0,33.859306862520086,0.32850989867866826,69,,68,,48,
"Carol Stream village, Illinois",CAROL STREAM PD,40499,0,7,25,28,50,321,13,3,268,51,144,0,0,463,40536,0,4,11,29,60,304,19,3,247,36,157,1,0,441,29.046026841304247,1.0228071308533095,48,118,46,136,33,144
"Carpentersville village, Illinois",CARPENTERSVILLE PD,38571,0,4,22,8,80,464,8,1,134,19,44,0,0,197,38363,1,6,16,10,91,494,4,1,191,45,86,3,0,325,31.385743029606207,1.0560019454461567,57,149,61,166,32,140
"Cary village, Illinois",CARY PD,17919,0,4,0,7,33,79,0,2,28,11,33,0,0,72,17961,0,7,2,9,11,108,0,2,24,8,27,0,0,59,37.2445620223398,0.5391847408245025,67,105,71,120,42,77
"Channahon village, Illinois",CHANNAHON PD (MCA),12625,0,0,2,2,5,42,2,0,66,5,29,0,1,101,12605,0,0,2,2,4,56,1,0,45,11,44,3,0,103,30.356292517006803,0.2820682675774581,58,,46,,50,
"Chicago Heights city, Illinois",CHICAGO HEIGHTS PD,30461,0,22,105,56,125,666,70,25,121,93,38,1,0,253,30456,7,33,120,39,200,639,76,28,182,69,37,2,0,290,26.43426294820717,1.1587399195016976,42,98,45,118,50,147
"Chicago Ridge village, Illinois",CHICAGO RIDGE PD,14463,0,2,8,4,46,442,16,3,106,68,29,0,0,203,14482,0,4,13,5,35,500,49,1,77,40,3,0,0,120,32.23655409631019,0.8725911877317328,39,59,20,38,31,102
"Chicago city, Illinois",UNIVERSITY OF ILLINOIS AT CHICAGO PD,2728695,478,1439,9662,13105,13169,57469,10225,809,15301,14026,1385,71,46,30829,2724121,416,1392,9825,12543,14593,61630,10003,858,19003,15751,1610,75,48,36487,33.71749035562199,1.280697130721048,2,5,18,6,24,40
"Cicero town, Illinois",MORTON COLLEGE PD,84375,2,14,86,91,365,1099,198,23,993,386,447,52,1,1879,84147,2,22,144,156,387,1190,246,21,772,221,270,27,0,1290,30.768862562077423,0.46763817599962315,19,50,13,28,30,82
"Clarendon Hills village, Illinois",CLARENDON HILLS PD,8714,0,0,0,1,4,47,2,2,9,1,1,0,0,11,8684,0,0,0,3,3,11,1,0,13,1,2,0,0,16,29.836089353060633,0.645912194748576,34,66,28,61,21,106
"Coal City village, Illinois",COAL CITY PD (MCA),5505,0,0,0,4,4,63,1,1,6,0,3,1,0,10,5524,0,0,2,3,9,69,0,1,8,2,10,1,0,21,27.391563867886987,0.29921865054331176,73,,61,,65,
"Country Club Hills city, Illinois",COUNTRY CLUB HILLS PD,16944,1,7,18,28,59,357,31,0,80,12,9,0,0,101,16969,1,12,24,21,86,509,33,0,30,3,5,0,0,38,37.615072554220625,0.6418731010247181,36,87,36,97,40,162
"Countryside city, Illinois",COUNTRYSIDE PD,6045,0,0,0,1,8,167,6,0,28,1,13,0,0,42,5972,0,1,1,8,18,191,8,0,19,4,19,0,0,42,26.236559139784948,0.713946815807195,30,89,18,65,25,131
"Crest Hill city, Illinois",CREST HILL PD,20748,1,6,12,11,92,163,14,5,16,5,10,0,0,31,20763,0,7,15,18,54,163,7,4,29,3,25,0,0,57,32.47484159522922,1.1665240562483172,55,122,42,97,46,168
"Crestwood village, Illinois",,,,,,,,,,,,,,,,,,,,,,,,,,,,,,,,31.411667012663482,0.5729810084847352,38,77,25,37,31,128
"Crete village, Illinois",CRETE PD,8211,0,4,4,6,27,106,5,1,72,7,53,0,0,132,8216,0,0,1,4,28,104,4,2,36,6,34,1,0,77,29.50879007238883,0.8173312319664924,48,,50,,56,
"Crystal Lake city, Illinois",MCHENRY CO COLLEGE PD,40426,0,9,7,45,49,707,9,0,120,41,161,0,0,322,40294,0,7,4,41,58,774,15,4,112,28,126,0,1,267,31.927589506017423,0.5817122669200663,72,113,76,128,48,85
"Darien city, Illinois",DARIEN PD,22367,0,2,4,5,30,308,6,1,35,7,17,0,0,59,22423,1,2,3,8,42,278,10,3,32,7,25,1,0,65,29.548683042320214,0.7402755644733001,34,114,22,109,25,154
"Deer Park village, Illinois",,,,,,,,,,,,,,,,,,,,,,,,,,,,,,,,34.803703703703704,0.41303995141398087,51,,54,,27,
"Deerfield village, Illinois",DEERFIELD PD (MCA),18418,0,0,2,6,23,93,7,0,28,1,4,0,0,33,18309,0,0,1,6,21,105,3,1,26,6,5,0,0,37,27.921995694567556,0.3951520076372299,41,71,51,93,19,59
"Des Plaines city, Illinois",OAKTON COMMUNITY COLLEGE PD,59078,0,5,12,33,95,521,32,5,195,61,117,6,5,384,59041,0,8,11,34,129,584,18,2,89,65,34,0,1,189,28.023353524036274,0.9270382121310401,33,73,39,97,8,33
"Diamond village, Illinois",DIAMOND PD (MCA),2495,0,0,0,0,0,36,0,0,0,4,4,4,0,12,2497,0,0,0,0,0,62,0,0,0,0,0,0,0,0,25.438356164383563,0.5857704137942659,67,,55,,58,
"Dixmoor village, Illinois",DIXMOOR PD,3616,,,,,,,,,,,,,,,3591,1,2,2,8,18,60,8,0,0,1,0,0,0,1,29.22360248447205,0.9882103705759381,30,84,32,80,37,146
"Dolton village, Illinois",,,,,,,,,,,,,,,,,,,,,,,,,,,,,,,,37.4120082815735,0.4468519844747452,31,54,33,82,45,106
"Downers Grove village, Illinois",DOWNERS GROVE PD,49917,0,7,3,20,76,561,29,6,101,21,82,2,0,206,49860,0,8,8,15,84,549,19,7,112,26,94,1,0,233,28.810840226382236,0.5717064554969262,32,73,30,68,20,110
"East Dundee village, Illinois",EAST DUNDEE PD,3289,0,0,1,0,13,119,0,1,25,0,13,0,0,38,3289,1,0,2,1,9,123,2,1,16,5,11,1,0,33,29.054937867887507,0.5010567702628822,55,156,59,175,31,153
"East Hazel Crest village, Illinois",EAST HAZEL CREST PD,1554,0,0,0,1,17,22,8,0,32,1,2,0,0,35,1560,0,1,2,1,23,27,3,0,34,3,7,0,0,44,29.310077519379846,1.1348102545965075,37,43,34,71,39,95
"Elburn village, Illinois",ELBURN PD,5700,0,0,0,2,1,33,0,0,0,0,2,0,0,2,5675,0,0,0,1,6,23,1,1,3,0,1,0,0,4,33.40329540996469,0.3152414610314539,64,111,62,129,52,137
"Elgin city, Illinois",ELGIN PD (MCA),111832,4,41,69,132,254,1317,68,11,254,107,159,0,0,520,110595,2,46,65,107,299,1629,85,15,302,136,169,0,0,607,28.542799317433232,1.1013117023011414,57,96,57,120,33,104
"Elk Grove Village village, Illinois",ELK GROVE VILLAGE PD (MCA),33437,1,7,8,14,41,398,40,3,63,39,35,1,1,139,33486,0,1,8,12,52,424,32,0,75,24,39,0,0,138,26.022633013390212,0.7244975803541407,38,94,42,114,14,49
"Elmhurst city, Illinois",ELMHURST PD,46152,0,3,4,6,64,412,10,1,433,123,325,18,0,899,45906,3,8,6,3,63,438,5,3,361,114,298,10,0,783,27.836604639306653,0.5875131185020082,29,80,30,105,14,84
"Elmwood Park village, Illinois",ELMWOOD PARK PD,24969,0,3,9,13,36,224,25,1,57,28,12,0,0,97,25007,0,2,3,12,54,241,33,0,46,48,21,1,0,116,33.3922428620571,0.8206322762525263,29,57,37,82,19,48
"Elwood village, Illinois",ELWOOD PD,2263,0,0,0,6,5,15,2,0,3,2,4,0,0,9,2264,0,0,0,7,0,13,3,0,26,4,20,0,0,50,29.531422271223814,0.372829286291372,62,127,54,147,57,172
"Evanston city, Illinois",NORTHWESTERN AT EVANSTON,75930,3,6,53,80,352,1646,62,6,267,40,38,0,0,345,75817,1,5,56,97,368,1679,66,5,253,75,48,5,0,381,29.567963540710835,1.096040184014598,35,48,46,80,31,74
"Evergreen Park village, Illinois",EVERGREEN PARK PD,19953,0,2,13,15,33,571,21,0,104,68,83,0,0,255,19980,0,0,19,8,43,501,25,2,143,106,146,0,0,395,33.981918238993714,0.9106547112845189,33,58,19,36,38,93
"Flossmoor village, Illinois",FLOSSMOOR PD,9535,1,0,1,3,20,81,2,1,13,3,5,0,0,21,9540,0,2,1,4,16,98,11,9,14,5,5,0,0,24,35.1308834633778,0.9719659690265938,42,48,38,76,43,100
"Ford Heights village, Illinois",,,,,,,,,,,,,,,,,,,,,,,,,,,,,,,,25.014556040756915,0.19188843171416253,37,88,39,117,46,142
"Forest Park village, Illinois",FOREST PARK PD,14202,0,6,21,15,55,426,24,0,110,59,53,6,1,229,14223,0,6,21,19,70,428,31,2,178,75,49,10,0,312,31.40975412050797,1.2145443926403925,20,33,28,51,18,72
"Forest View village, Illinois",FOREST VIEW PD,697,0,0,0,0,1,20,31,0,2,1,1,0,0,4,700,0,0,1,0,4,26,7,0,7,2,2,0,0,11,29.352941176470587,0.7044122279930056,27,60,15,50,30,98
"Fox Lake village, Illinois",FOX LAKE PD (MCA),10565,0,0,3,15,28,139,0,0,0,0,0,0,0,0,10524,0,0,2,9,21,124,0,0,0,0,0,0,0,0,41.03610997127616,0.6236154426003829,74,154,79,168,51,132
"Fox River Grove village, Illinois",FOX RIVER GROVE PD (MCA),4683,0,2,0,5,11,43,1,1,12,5,16,3,1,37,4698,0,1,0,5,12,40,2,2,14,6,12,0,0,32,30.93230897009967,0.4723078508863745,64,102,68,117,40,74
"Frankfort village, Illinois",FRANKFORT PD (MCA),18600,0,0,3,4,18,127,5,0,59,17,63,10,0,149,18256,0,1,1,2,23,123,2,0,46,12,57,2,0,117,32.88678511217741,0.5221186552159612,47,,47,,52,
"Franklin Park village, Illinois",FRANKLIN PARK PD,18420,0,4,8,9,64,185,24,3,15,16,21,0,0,52,18448,0,9,6,16,57,203,24,3,22,29,32,3,0,86,26.115189463456762,0.8462296102734399,34,74,38,84,8,45
"Geneva city, Illinois",GENEVA PD,21798,0,1,1,9,20,185,0,2,31,7,32,1,0,71,21739,1,2,0,4,20,156,1,0,24,2,39,0,0,65,29.29946743138058,0.38867724140878157,56,99,54,117,44,124
"Gilberts village, Illinois",GILBERTS PD,7727,0,0,0,0,1,24,0,0,0,0,0,0,0,0,7570,0,0,0,4,1,25,0,0,6,0,7,0,0,13,34.18701442841287,0.9650177422474773,58,,62,,34,
"Glen Ellyn village, Illinois",GLEN ELLYN PD,27856,0,3,8,12,39,265,5,1,97,14,68,1,3,183,27854,0,4,8,12,44,341,13,0,121,22,98,2,0,243,28.079539508110937,0.6509282219722661,41,76,39,94,28,102
"Glencoe village, Illinois",GLENCOE PD,8971,0,0,0,1,6,71,3,0,23,1,19,0,0,43,8885,0,1,0,2,22,65,7,0,14,0,3,0,0,17,33.92375274552871,0.3065063241162969,35,64,45,92,28,88
"Glendale Heights village, Illinois",GLENDALE HEIGHTS PD,34602,0,15,12,21,53,501,7,1,129,25,72,2,0,228,34715,0,6,8,13,60,444,6,6,132,15,91,1,0,239,26.809961371883414,1.2488647704675326,41,100,39,118,26,126
"Glenview village, Illinois",GLENVIEW PD,47292,0,6,6,16,90,409,14,1,63,11,45,0,0,119,45588,0,1,10,7,105,276,5,3,88,13,80,0,0,181,30.46535235347545,0.7408203763976134,31,46,41,80,22,45
"Glenwood village, Illinois",GLENWOOD PD,9046,0,0,9,9,53,116,7,0,20,8,3,0,0,31,9066,0,0,17,7,28,143,12,0,26,4,3,0,0,33,31.315307057745187,0.9302170359806651,38,112,40,132,46,161
"Godley village, Illinois",GODLEY PD (MCA),688,0,2,0,0,4,4,0,0,0,2,0,0,0,2,674,0,0,0,2,8,4,0,0,2,2,0,0,0,4,31.790123456790123,0.45767384349719453,70,,58,,61,
"Golf village, Illinois",GOLF PD,508,0,1,0,0,0,1,0,0,0,0,0,0,0,0,507,0,0,0,0,0,3,0,0,1,0,1,0,0,2,28.875739644970412,0.48494462021736606,31,54,41,76,21,42
"Grayslake village, Illinois",GRAYSLAKE PD,21048,0,7,5,26,39,256,9,2,38,15,30,5,0,88,21132,0,2,4,18,34,229,13,5,41,9,33,0,0,83,31.22047244094488,0.7865816510999518,59,97,67,119,36,85
"Green Oaks village, Illinois",,,,,,,,,,,,,,,,,,,,,,,,,,,,,,,,26.160771704180064,0.6569467483459281,49,,57,,26,
"Greenwood village, Illinois",,,,,,,,,,,,,,,,,,,,,,,,,,,,,,,,37.267080745341616,0.2303161230035242,89,,93,,65,
"Gurnee village, Illinois",GURNEE PD,31194,1,6,5,11,74,1220,17,3,347,29,150,3,1,530,31273,0,6,12,15,56,1311,20,1,351,23,90,3,0,467,28.104243234213165,1.0169072617456034,54,135,62,162,31,161
"Hainesville village, Illinois",,,,,,,,,,,,,,,,,,,,,,,,,,,,,,,,33.53671706263499,0.7811283027850883,64,129,72,144,41,108
"Hampshire village, Illinois",HAMPSHIRE PD,6081,0,0,0,8,3,27,1,0,13,1,17,0,0,31,5782,0,0,0,2,0,17,1,0,11,3,11,0,0,25,35.337566844919785,0.5506902075840044,68,,72,,43,
"Hanover Park village, Illinois",HANOVER PARK PD (MCA),38600,0,5,15,26,40,209,9,1,270,39,204,2,0,515,38640,1,8,11,21,55,269,13,3,258,38,208,3,2,509,29.881031613976706,1.2460859549560204,44,83,45,107,27,85
"Harvard city, Illinois",HARVARD PD,9179,0,1,0,13,22,73,3,0,19,7,14,0,0,40,9217,0,4,0,6,20,83,0,1,19,11,10,0,0,40,34.64358452138493,0.7146433561814203,91,134,95,151,67,125
"Harvey city, Illinois",HARVEY PD,25361,5,23,149,122,361,471,144,10,87,78,9,7,4,185,25377,7,15,206,101,380,640,190,6,97,46,12,2,0,157,29.88759308697485,0.7018235647554983,35,38,35,66,40,90
"Harwood Heights village, Illinois",HARWOOD HEIGHTS PD,8690,0,2,3,6,19,148,21,0,6,1,4,1,0,12,8698,0,0,3,4,23,100,20,0,5,1,3,0,0,9,31.378064516129033,0.5279452487508747,26,56,36,85,10,25
"Hawthorn Woods village, Illinois",HAWTHORN WOODS PD,7905,0,0,0,1,5,22,1,0,7,14,7,0,0,28,7861,0,0,0,0,5,15,2,0,12,11,4,0,0,27,31.717706013363028,0.5461764454160309,55,,60,,32,
"Hazel Crest village, Illinois",HAZEL CREST PD,14200,1,8,26,22,110,279,36,0,23,12,2,0,0,37,14223,0,7,51,14,121,317,35,0,53,24,14,0,0,91,36.687029118305844,0.562279565123298,36,41,35,69,39,93
"Hebron village, Illinois",,,,,,,,,,,,,,,,,,,,,,,,,,,,,,,,29.03696498054475,0.6069135440397293,89,,97,,66,
"Hickory Hills city, Illinois",HICKORY HILLS PD,14206,0,4,6,8,24,108,6,0,54,10,18,0,0,82,14208,0,4,4,7,21,139,10,1,46,18,17,1,0,82,31.942539993470454,0.6121615874801506,33,73,22,36,28,125
"Highland Park city, Illinois",HIGHLAND PARK PD,29897,0,7,0,16,37,239,20,1,90,13,39,3,0,145,29920,0,5,2,12,46,279,10,1,95,13,59,2,0,169,29.863128726173482,0.5236687497905701,37,84,47,110,26,98
"Highwood city, Illinois",HIGHWOOD PD,5378,0,0,0,4,10,28,2,0,13,2,3,0,0,18,5328,0,0,0,2,6,29,0,1,16,12,18,1,1,48,21.552411319250698,0.8906281556734952,40,78,50,104,25,92
"Hillside village, Illinois",HILLSIDE PD,8203,0,2,7,17,52,239,25,0,10,5,2,0,0,17,8212,0,2,12,14,42,242,11,3,14,15,3,2,2,36,25.588398556758257,1.1792304772370636,25,89,27,63,15,54
"Hinsdale village, Illinois",HINSDALE PD (MCA),17601,0,1,2,0,24,141,6,1,43,13,22,0,0,78,17369,0,0,0,1,19,152,5,0,26,10,7,0,0,43,30.863742885838633,0.5638996953844402,34,71,26,66,21,111
"Hodgkins village, Illinois",HODGKINS PD,1877,0,0,1,4,4,303,6,0,5,4,3,0,0,12,1865,0,1,1,2,4,322,9,0,14,2,2,0,0,18,22.288613303269447,0.7934030208719824,28,78,16,51,23,122
"Hoffman Estates village, Illinois",HOFFMAN ESTATES PD,52450,0,3,10,26,68,340,20,1,144,33,135,6,0,318,52512,0,9,13,28,78,458,22,3,177,43,147,0,0,367,29.657144979755582,1.11899279129661,45,120,49,137,21,68
"Holiday Hills village, Illinois",,,,,,,,,,,,,,,,,,,,,,,,,,,,,,,,41.02803738317757,0.2515584201960812,75,,76,,50,
"Homer Glen village, Illinois",HOMER GLEN PD,24389,0,0,2,3,30,120,3,0,23,2,17,0,0,42,24333,0,0,0,5,35,128,4,0,29,5,22,0,0,56,33.69986461330174,0.4118411190204415,47,101,35,76,38,147
"Hometown city, Illinois",HOMETOWN PD,4369,0,0,1,5,3,39,5,0,54,2,22,0,0,78,4377,0,0,2,5,3,46,0,0,31,0,5,0,0,36,28.458686440677965,0.5186028674762269,39,66,13,17,35,108
"Homewood village, Illinois",HOMEWOOD PD,19496,0,1,15,5,62,703,20,1,172,30,49,0,0,251,19470,0,1,28,5,62,537,21,1,161,18,33,0,1,213,30.773115773115773,1.045768939304474,40,45,35,88,40,97
"Huntley village, Illinois",HUNTLEY PD (MCA),25927,1,0,0,5,20,197,1,0,18,4,23,0,0,45,25502,1,0,1,5,19,188,3,0,35,4,54,0,0,93,38.790884152774844,0.6116405490033734,65,,69,,40,
"Indian Creek village, Illinois",,,,,,,,,,,,,,,,,,,,,,,,,,,,,,,,30.16891891891892,0.8284053112485132,50,115,58,139,27,95
"Indian Head Park village, Illinois",INDIAN HEAD PARK PD,3846,0,1,0,2,1,15,1,0,2,0,1,0,0,3,3847,0,1,0,1,5,21,2,0,5,0,0,0,0,5,32.51858736059479,0.48125465717596944,33,100,20,75,21,141
"Inverness village, Illinois",INVERNESS PD,7639,0,0,0,0,3,4,1,0,0,0,0,0,0,0,7585,0,0,0,0,5,10,1,0,0,0,0,0,0,0,34.8812351543943,0.4304033747350462,48,,52,,23,
"Island Lake village, Illinois",ISLAND LAKE PD (MCA),8018,0,3,0,6,8,53,4,0,14,10,21,2,0,47,7999,1,1,0,0,26,49,1,0,13,3,17,5,0,38,33.38252939764819,0.6001501940183042,69,,71,,44,
"Itasca village, Illinois",ITASCA PD,8835,0,3,0,1,10,89,5,1,26,5,10,0,0,41,8849,0,0,1,0,15,106,3,0,11,6,9,0,0,26,28.36010242085661,0.7193763971337208,40,71,41,84,21,58
"Johnsburg village, Illinois",JOHNSBURG PD,6285,0,2,1,4,9,130,5,0,8,2,8,0,0,18,6293,0,1,1,2,8,110,4,0,7,12,15,2,0,36,33.27822832189644,0.46516458080686357,79,150,82,175,56,134
"Joliet city, Illinois",JOLIET PD (MCA),147991,10,44,114,295,837,2616,119,54,519,261,230,111,0,1121,147838,9,24,115,348,643,2263,115,47,536,308,212,5,4,1065,30.314403796112046,1.1182125741543754,53,101,45,103,48,143
"Justice village, Illinois",JUSTICE PD,13044,0,0,6,10,28,89,10,0,27,8,2,0,0,37,13055,0,2,4,12,27,88,18,9,30,15,2,0,0,47,31.356771270347373,1.0094997052693728,29,67,17,30,21,119
"Kaneville village, Illinois",,,,,,,,,,,,,,,,,,,,,,,,,,,,,,,,26.89075630252101,0.37434533591166497,60,,58,,48,
"Kenilworth village, Illinois",KENILWORTH PD,2574,0,0,0,0,2,31,1,0,13,0,0,0,0,13,2564,0,0,0,0,9,35,1,0,7,0,0,0,0,7,35.639810426540286,0.2859864304487939,34,54,43,82,29,78
"Kildeer village, Illinois",KILDEER PD,3969,0,0,0,0,2,24,0,1,7,2,6,0,0,15,3970,0,0,0,0,4,28,0,1,8,1,5,0,0,14,34.06723963599595,0.6612541932475504,51,,54,,27,
"La Grange Park village, Illinois",LAGRANGE PARK PD,13685,0,0,1,2,5,69,5,0,7,0,3,0,0,10,13676,0,0,3,2,3,77,2,0,4,2,3,0,0,9,29.72704296545914,0.6186781880880068,26,86,21,50,21,67
"La Grange village, Illinois",LAGRANGE PD,15808,0,4,2,5,33,99,4,0,12,2,5,0,0,19,15774,0,2,3,3,22,138,2,0,16,7,12,2,0,37,30.854047163798597,0.6563496112040259,29,59,16,46,23,72
"Lake Barrington village, Illinois",,,,,,,,,,,,,,,,,,,,,,,,,,,,,,,,35.21265284423179,0.3725663363226388,54,95,58,110,30,67
"Lake Bluff village, Illinois",LAKE BLUFF PD,5695,0,0,0,1,7,46,1,0,18,6,15,0,1,40,5700,0,0,0,0,5,39,1,0,21,9,21,1,0,52,29.46773433820066,0.4313665908442616,49,89,58,115,29,103
"Lake Forest city, Illinois",LAKE FOREST PD,19376,0,0,0,4,32,111,0,0,21,15,38,0,1,75,19343,0,0,0,2,19,123,2,0,34,14,33,0,0,81,30.330887971878344,0.40046016688991815,48,77,57,99,29,65
"Lake Villa village, Illinois",LAKE VILLA PD,8859,0,1,1,6,6,65,0,2,58,4,54,0,0,116,8847,0,2,0,5,10,56,2,0,70,12,72,0,0,154,34.468382764409625,0.8011240369262544,66,111,74,135,43,92
"Lake Zurich village, Illinois",LAKE ZURICH PD,20143,0,1,2,6,28,259,0,1,59,19,51,1,2,132,20057,0,3,0,3,21,288,0,1,37,12,29,1,0,79,31.41280353200883,0.6388961186366187,56,,59,,32,
"Lake in the Hills village, Illinois",LAKE IN THE HILLS PD,28868,0,5,0,14,13,116,0,1,55,11,51,0,0,117,28925,0,5,6,6,18,112,10,3,46,7,55,0,0,108,36.42771677927928,0.6707555932899649,66,137,70,154,41,128
"Lakemoor village, Illinois",LAKEMOOR PD (MCA),6002,0,0,0,1,4,25,0,0,11,1,7,0,0,19,6004,0,0,0,5,8,28,0,0,24,11,24,3,0,62,38.95225464190982,0.6082658789442339,70,,73,,47,
"Lakewood village, Illinois",LAKEWOOD PD,3800,0,1,0,0,0,4,0,0,0,0,0,0,0,0,3799,0,0,0,1,2,2,1,0,0,0,0,0,0,0,34.550350026925145,0.4452463043197251,74,,78,,50,
"Lansing village, Illinois",LANSING PD,28555,3,8,55,18,177,1152,70,3,167,49,74,4,0,294,28547,2,10,50,29,185,918,68,1,141,38,64,3,0,246,30.192917343230494,1.0703667035482787,38,77,41,102,46,133
"Lemont village, Illinois",LEMONT PD (MCA),16801,0,3,1,1,21,147,8,4,134,21,129,0,0,284,16620,0,4,0,3,12,142,17,0,113,5,120,0,0,238,33.47261282978438,0.40841347444082293,39,124,27,146,31,174
"Libertyville village, Illinois",LIBERTYVILLE PD,20555,0,0,3,9,24,193,3,0,64,7,60,0,0,131,20456,0,1,1,9,21,239,5,0,96,7,85,0,0,188,26.55727224294086,0.44482051588020033,48,87,56,109,25,75
"Lily Lake village, Illinois",,,,,,,,,,,,,,,,,,,,,,,,,,,,,,,,36.82459677419355,0.3021800669898685,70,,68,,49,
"Lincolnshire village, Illinois",LINCOLNSHIRE PD,7295,0,0,0,1,7,41,2,1,24,6,26,0,0,56,7279,0,5,0,2,6,34,0,0,25,2,17,3,0,47,29.64671654197839,0.4882217492358773,42,151,50,174,18,134
"Lincolnwood village, Illinois",LINCOLNWOOD PD,12710,0,0,6,6,47,332,12,1,67,13,6,0,0,86,12721,0,0,3,5,58,366,6,1,125,19,19,0,0,163,26.836010459469556,0.9543531755173331,26,56,36,85,20,31
"Lindenhurst village, Illinois",LINDENHURST PD,14484,0,3,0,0,7,57,0,0,28,2,23,0,0,53,14519,0,2,0,5,6,46,1,0,26,8,30,0,0,64,32.812184934466366,0.6287449648186936,60,,68,,37,
"Lisle village, Illinois",LISLE PD,22917,0,8,6,3,38,183,5,1,35,6,32,0,0,73,22830,0,2,5,2,40,225,12,0,38,8,36,3,0,85,28.31456592807846,0.9110017359678453,36,81,34,76,24,124
"Lockport city, Illinois",LOCKPORT PD,25166,0,3,2,5,34,191,6,2,80,23,67,1,0,171,25059,1,2,3,4,42,251,7,2,75,12,63,1,0,151,34.539283419023135,0.5098349451845529,47,114,34,89,38,160
"Lombard village, Illinois",LOMBARD PD,44008,0,11,16,21,77,766,12,3,92,19,79,0,0,190,44026,1,7,7,16,71,791,15,1,79,16,70,0,0,165,26.76655719759168,0.794296641492273,36,102,35,90,26,104
"Long Grove village, Illinois",,,,,,,,,,,,,,,,,,,,,,,,,,,,,,,,34.00172612197929,0.7492999139547103,50,,53,,26,
"Lynwood village, Illinois",,,,,,,,,,,,,,,,,,,,,,,,,,,,,,,,33.57399723374827,0.8928675245932456,40,91,42,151,48,153
"Lyons village, Illinois",LYONS PD,10783,0,2,3,7,14,99,9,1,10,4,4,1,0,19,10793,0,1,7,3,26,96,12,3,7,5,9,2,0,23,31.34658511722732,0.9608557219644762,27,64,15,30,28,103
"Manhattan village, Illinois",MANHATTAN PD,7357,0,0,0,6,3,18,1,1,8,2,9,0,0,19,7205,0,1,0,8,11,29,3,0,17,2,12,1,3,35,36.06361248905748,0.3659796779238782,58,99,50,83,54,142
"Maple Park village, Illinois",MAPLE PARK PD (MCA),1314,0,0,0,0,0,9,0,0,0,0,0,0,0,0,1311,0,0,0,1,0,1,0,0,0,0,0,0,0,0,32.9635761589404,0.4143527524307796,72,,70,,60,
"Marengo city, Illinois",MARENGO PD,7472,0,1,0,2,15,59,3,1,28,2,27,2,0,59,7499,0,1,0,12,9,59,2,1,30,5,40,2,0,77,28.24398416082851,0.6387179253915808,73,,77,,49,
"Markham city, Illinois",,,,,,,,,,,,,,,,,,,,,,,,,,,,,,,,30.442640125720274,0.658138903341176,33,91,33,94,37,146
"Matteson village, Illinois",MATTESON PD,19190,0,4,28,19,71,486,40,0,33,12,8,0,0,53,19182,0,13,26,17,69,772,63,1,56,11,0,0,0,67,32.787841945288754,0.6165284398937756,40,69,40,97,44,123
"Maywood village, Illinois",MAYWOOD PD,24141,13,24,85,113,221,312,98,5,59,47,7,0,0,113,24174,7,16,82,108,207,365,108,2,129,100,9,0,0,238,28.00055463117027,0.7541557945583895,21,49,27,80,18,43
"McCook village, Illinois",MCCOOK PD,232,0,0,0,2,7,22,4,0,1,2,3,0,0,6,232,0,1,0,3,7,30,14,0,1,1,1,0,0,3,23.602150537634408,0.7066736569046226,25,62,13,30,26,108
"McCullom Lake village, Illinois",MCCULLOM LAKE PD,1020,0,0,0,0,1,0,0,0,5,0,4,0,1,10,1028,0,0,0,0,2,0,0,0,9,1,7,0,0,17,28.397027600849256,0.5651606978665213,82,195,85,221,59,180
"McHenry city, Illinois",MCHENRY PD,26534,0,6,4,28,24,250,6,0,65,39,89,1,2,196,26590,0,9,4,11,38,286,8,1,67,28,83,3,0,181,29.496448303078136,0.5757944456963486,79,148,81,174,54,133
"Melrose Park village, Illinois",MELROSE PARK PD,25532,3,5,9,14,43,200,41,1,25,21,9,3,1,59,25541,0,3,8,16,48,303,35,2,20,19,6,0,0,45,25.617655097021043,0.7482394281257475,27,62,34,68,18,42
"Merrionette Park village, Illinois",MERRIONETTE PARK PD,1896,,,,,,,,,,,,,,,1893,0,0,0,3,2,19,1,0,2,0,1,0,0,3,32.99338478500551,0.6680178958937898,31,79,25,45,37,129
"Mettawa village, Illinois",,,,,,,,,,,,,,,,,,,,,,,,,,,,,,,,27.84090909090909,0.6310963592568819,44,162,52,176,20,140
"Midlothian village, Illinois",MIDLOTHIAN PD,14932,2,3,15,7,121,225,13,2,30,26,16,4,1,77,14948,0,2,21,6,132,166,19,2,33,11,14,0,0,58,29.008854612967724,0.9408811821477966,34,63,31,67,35,105
"Minooka village, Illinois",MINOOKA PD (MCA),11256,0,0,0,0,0,8,0,1,7,2,5,0,2,16,11174,0,0,0,7,7,110,1,0,20,3,15,1,1,40,33.026090268520285,0.5325789959258689,60,,48,,51,
"Mokena village, Illinois",MOKENA PD,19618,0,4,3,7,23,211,4,1,45,23,40,5,1,114,19271,0,0,3,5,22,170,10,7,74,21,61,2,1,159,32.70309578225639,0.338691750767108,46,85,43,84,46,126
"Monee village, Illinois",MONEE PD,5093,0,0,0,0,6,31,0,1,10,2,4,0,0,16,5088,0,1,0,1,19,28,5,0,10,2,5,2,0,19,36.03148301574151,0.8371399725911381,45,,44,,49,
"Montgomery village, Illinois",MONTGOMERY PD (MCA),19520,0,14,3,7,37,222,1,1,27,7,23,1,0,58,19305,1,10,7,11,36,215,9,6,15,3,22,0,0,40,31.72173024523161,0.9948906180098426,57,182,55,159,44,218
"Morton Grove village, Illinois",MORTON GROVE PD,23548,0,0,5,7,53,192,8,0,55,20,39,0,0,114,23575,1,2,5,17,81,219,3,0,109,27,59,0,0,195,28.78506010303377,0.9186171957424936,26,70,36,108,17,50
"Mount Prospect village, Illinois",MT PROSPECT PD,55119,0,3,12,22,54,433,15,0,80,29,68,0,0,177,54891,0,0,5,19,79,482,23,1,104,55,65,0,0,224,27.21123965704444,0.9238634514260343,39,76,45,91,14,48
"Mundelein village, Illinois",MUNDELEIN PD,31687,0,10,3,6,31,249,8,3,234,29,188,5,4,460,31464,1,4,3,11,46,208,6,1,174,27,163,5,5,374,28.686809234190047,0.9727232740043787,56,93,63,117,32,74
"Naperville city, Illinois",NAPERVILLE PD (MCA),147101,0,14,27,87,161,1477,33,3,280,101,213,3,0,597,145510,1,9,20,84,176,1431,37,3,294,108,218,3,0,623,33.62508429893936,0.8841469066886556,49,66,39,70,36,115
"New Lenox village, Illinois",NEW LENOX PD,25682,0,9,6,12,44,214,6,3,45,24,44,0,0,113,25093,1,3,4,16,36,259,10,0,43,22,54,0,0,119,35.242903007772895,0.3837447094599071,50,91,40,90,43,132
"Niles village, Illinois",NILES PD,30044,0,2,7,17,73,448,13,2,52,13,50,2,0,117,30071,0,0,14,13,86,590,24,1,74,10,58,2,2,146,28.892744734081187,0.8955948500340808,29,60,39,91,14,31
"Norridge village, Illinois",NORRIDGE PD,14697,0,2,3,5,32,451,12,0,8,4,8,0,0,20,14712,0,0,5,7,36,423,5,0,18,2,7,1,0,28,30.81763495330062,0.5062763282186018,28,55,37,86,10,23
"North Aurora village, Illinois",NORTH AURORA PD,17492,0,2,4,7,35,182,4,0,18,0,9,0,0,27,17216,0,4,12,7,36,180,5,12,17,1,8,0,0,26,25.972341206706645,0.8927568859752513,47,144,45,120,34,179
"North Barrington village, Illinois",,,,,,,,,,,,,,,,,,,,,,,,,,,,,,,,35.09036144578313,0.3241920562292025,63,,63,,38,
"North Chicago city, Illinois",NORTH CHICAGO PD,29898,5,10,17,81,95,201,15,46,55,40,14,0,2,111,29458,4,17,43,67,133,221,14,77,69,24,3,0,0,96,14.507013893549903,1.2953615653743897,55,97,64,123,33,111
"North Riverside village, Illinois",NORTH RIVERSIDE PD,6703,0,0,10,5,10,392,9,0,13,12,3,1,2,31,6712,0,0,8,7,23,451,18,0,23,5,6,0,0,34,24.48820206048521,0.9734598110599172,24,57,19,51,23,67
"Northbrook village, Illinois",NORTHBROOK PD,33768,0,5,6,2,43,306,6,2,60,6,44,0,0,110,33698,0,4,2,1,43,310,3,1,52,5,42,0,0,99,28.592210941051675,0.5637801520940382,39,64,49,86,19,52
"Northfield village, Illinois",NORTHFIELD PD,5497,0,1,0,0,3,30,2,0,2,5,3,0,0,10,5496,0,1,1,3,18,68,1,0,5,0,6,0,0,11,29.683081423695757,0.3798013470201749,30,106,40,119,21,65
"Northlake city, Illinois",NORTHLAKE PD,12382,1,1,2,7,39,216,3,0,126,23,76,0,1,226,12392,0,2,1,5,25,219,10,0,42,15,21,0,2,80,22.56911428068322,0.9156668389663237,33,81,34,72,12,68
"Oak Brook village, Illinois",OAK BROOK PD (MCA),8108,0,1,1,8,23,474,2,0,24,5,18,1,0,48,8077,0,1,1,4,14,401,6,1,31,4,18,0,0,53,26.686027750887384,0.8401170957467246,30,113,28,101,17,115
"Oak Forest city, Illinois",OAK FOREST PD,28222,0,8,13,17,50,205,17,0,92,14,45,0,0,151,28252,0,1,7,18,65,255,16,0,77,14,31,0,0,122,29.358283079106066,0.748845154321442,34,97,35,61,38,109
"Oak Lawn village, Illinois",OAK LAWN PD,57112,0,8,21,41,110,696,39,1,145,139,133,12,0,429,57159,3,12,34,41,121,857,33,6,112,96,119,8,1,336,32.59217877094972,0.7809939438798068,39,54,14,29,31,97
"Oak Park village, Illinois",OAK PARK PD,52036,0,0,6,1,18,100,6,0,12,6,5,0,0,23,52109,0,5,77,21,401,1088,75,4,59,21,11,2,0,93,32.06315144083384,1.0202888993144845,18,35,26,61,25,74
"Oakbrook Terrace city, Illinois",OAKBROOK TERRACE PD,2180,0,1,0,2,11,86,1,0,61,10,16,2,0,89,2165,0,2,0,2,10,105,2,0,71,20,17,0,0,108,26.44083969465649,0.9151634065574737,30,85,27,81,17,106
"Oakwood Hills village, Illinois",OAKWOOD HILLS PD,2067,0,0,0,0,0,12,1,0,0,0,1,0,1,2,2079,0,0,0,0,0,7,0,0,2,1,4,0,0,7,33.581204379562045,0.2977923101444205,73,,76,,49,
"Old Mill Creek village, Illinois",,,,,,,,,,,,,,,,,,,,,,,,,,,,,,,,27.34375,0.7724767403803103,56,,64,,33,
"Olympia Fields village, Illinois",OLYMPIA FIELDS PD,5058,0,4,1,1,15,104,2,0,23,3,1,0,0,27,5056,0,2,4,1,14,102,3,0,23,3,0,0,0,26,37.90816326530612,0.7388724243608149,42,51,41,79,46,103
"Orland Hills village, Illinois",ORLAND HILLS PD,7292,0,0,1,5,7,70,0,0,53,4,49,0,0,106,7307,0,0,2,1,3,33,1,0,29,10,10,0,0,49,32.70008307947937,0.7698083014458421,45,82,38,84,46,156
"Orland Park village, Illinois",ORLAND PARK PD (MCA),59161,0,1,11,14,32,1157,14,1,382,56,299,13,0,750,59056,1,2,4,15,27,1258,8,1,335,59,252,11,0,657,34.25590179414542,0.6193069623853071,43,112,30,55,38,144
"Palatine village, Illinois",WILLIAM RAINEY HARPER COLLEGE PD,69583,0,8,15,13,18,569,16,2,254,59,158,0,0,471,69533,3,6,6,21,35,604,20,3,214,53,120,0,2,389,27.91479491470683,0.987299629043219,44,88,46,103,19,60
"Palos Heights city, Illinois",PALOS HEIGHTS PD,12616,0,0,0,0,4,59,3,1,39,3,54,0,0,96,12633,0,0,0,6,9,131,6,0,42,4,88,0,0,134,33.17295980511571,0.42870789632004863,41,80,25,42,32,143
"Palos Hills city, Illinois",PALOS HILLS PD,17660,0,1,1,6,19,145,7,0,20,11,9,0,0,40,17673,0,3,6,20,23,132,7,1,32,14,22,0,0,68,31.563293434892998,0.6817224346748045,36,79,24,42,29,131
"Palos Park village, Illinois",PALOS PARK PD,4919,0,0,0,0,4,29,2,0,47,0,26,0,0,73,4918,0,0,0,1,1,29,0,0,36,2,27,0,0,65,31.12280701754386,0.4888089542885212,38,66,25,93,33,112
"Park City city, Illinois",PARK CITY PD,7410,0,4,1,2,38,77,15,0,40,3,18,3,0,64,7366,0,5,3,4,27,77,12,0,29,10,16,0,0,55,24.56232159847764,1.1240474868772579,52,123,60,150,29,149
"Park Forest village, Illinois",PARK FOREST PD (MCA),22046,1,15,26,31,95,283,20,5,130,23,22,1,0,176,22073,0,8,30,30,109,255,20,1,137,18,26,2,0,183,33.221005815942526,0.9303157912641999,46,53,45,81,50,105
"Park Ridge city, Illinois",PARK RIDGE PD,37942,0,0,4,2,76,314,7,3,53,8,42,0,0,103,37919,0,1,4,7,79,365,7,1,51,6,31,0,0,88,29.230235365117682,0.4815360366798699,32,64,38,87,7,27
"Peotone village, Illinois",PEOTONE PD,4133,0,0,0,0,4,23,4,0,17,4,17,0,0,38,4129,0,0,3,1,4,23,3,2,26,2,21,0,0,49,30.077392120075046,0.15310393121055943,51,,51,,56,
"Phoenix village, Illinois",PHOENIX PD,1970,0,1,5,8,25,22,7,0,7,0,0,0,0,7,1978,0,0,5,6,27,27,2,0,11,5,0,0,0,16,25.595419847328245,0.4303172903408091,35,51,35,79,40,103
"Pingree Grove village, Illinois",PINGREE GROVE PD,6254,0,0,0,1,0,9,0,0,7,0,7,0,0,14,5702,0,2,0,1,3,13,0,2,3,0,1,0,0,4,47.30285234899329,0.8560912770570586,62,,64,,37,
"Plainfield village, Illinois",PLAINFIELD PD (MCA),42706,1,10,7,21,44,295,10,2,83,13,67,0,0,163,42196,0,6,9,16,37,277,12,8,175,20,108,1,0,304,37.105085625324335,0.8707686894682656,51,95,39,150,43,150
"Port Barrington village, Illinois",,,,,,,,,,,,,,,,,,,,,,,,,,,,,,,,43.796992481203006,0.5878477045521138,70,,71,,45,
"Posen village, Illinois",POSEN PD,6029,0,0,5,2,29,62,8,1,8,7,2,0,0,17,6037,1,0,2,8,49,75,13,0,19,7,9,0,0,35,33.76031164069661,0.9653574808507226,31,82,30,78,35,145
"Prairie Grove village, Illinois",PRAIRIE GROVE PD,1868,0,0,0,0,1,3,0,0,3,0,2,0,0,5,1875,0,0,0,0,8,7,1,0,1,0,1,0,0,2,37.383449883449885,0.4231490306115242,76,156,78,173,52,149
"Prospect Heights city, Illinois",PROSPECT HEIGHTS PD,16456,0,1,2,11,19,86,7,0,34,12,31,1,1,79,16442,0,0,3,18,23,121,13,1,53,15,45,1,0,114,25.214029273681305,0.8781081753411124,44,97,50,112,19,69
"Richmond village, Illinois",RICHMOND PD,1899,0,0,1,5,5,22,1,0,31,4,33,0,0,68,1892,0,0,0,3,1,16,0,0,30,1,31,0,1,63,31.022286821705425,0.43219439105763824,82,133,90,159,59,144
"Richton Park village, Illinois",RICHTON PARK PD,13775,0,7,25,7,57,233,25,0,32,2,2,0,0,36,13792,2,3,26,18,82,220,24,0,42,10,1,0,0,53,31.784126984126985,0.6882854556505964,43,57,43,85,47,109
"Ringwood village, Illinois",,,,,,,,,,,,,,,,,,,,,,,,,,,,,,,,30.18716577540107,0.30353208379587715,85,,88,,62,
"River Forest village, Illinois",RIVER FOREST PD,11216,1,0,5,13,75,182,3,3,31,13,4,0,0,48,11218,0,2,7,10,73,168,2,1,28,25,2,0,0,55,31.137224326130543,0.6874171445753069,24,47,31,78,20,60
"River Grove village, Illinois",RIVER GROVE PD,10281,0,2,5,10,29,85,16,1,3,0,1,0,0,4,10291,0,0,3,6,19,92,7,0,10,1,3,1,0,15,34.49772592446114,0.6934066284216256,29,68,34,66,13,35
"Riverdale village, Illinois",RIVERDALE PD,13615,1,2,14,5,12,23,7,0,7,2,3,0,0,12,13640,4,9,93,50,155,222,38,2,41,14,8,0,2,65,36.236111111111114,0.338397104359085,34,34,37,62,42,86
"Riverside village, Illinois",RIVERSIDE PD,8882,0,0,0,57,11,71,1,0,18,20,18,0,1,57,8899,0,0,2,49,16,90,0,0,10,5,12,0,0,27,30.095081135902635,0.5571452250268523,26,52,18,39,25,67
"Riverwoods village, Illinois",RIVERWOODS PD,3658,0,0,0,0,5,21,0,0,3,0,2,0,0,5,3654,0,0,0,0,8,14,0,0,1,0,0,0,0,1,30.855920114122682,0.3498250925742321,39,112,47,125,16,85
"Robbins village, Illinois",,,,,,,,,,,,,,,,,,,,,,,,,,,,,,,,29.815181518151814,0.19915294371226108,35,83,31,59,36,139
"Rockdale village, Illinois",ROCKDALE PD,1952,0,0,1,1,2,4,3,0,0,1,0,0,0,1,1952,0,1,0,4,4,2,0,0,2,0,1,0,0,3,21.134593993325918,0.8142101663216413,53,102,44,126,47,164
"Rolling Meadows city, Illinois",ROLLING MEADOWS PD,24321,0,3,3,11,26,184,5,0,20,6,22,1,1,50,24333,0,4,4,8,26,212,8,0,70,9,54,0,0,133,25.014967423842226,0.968985089748879,42,79,44,104,17,42
"Romeoville village, Illinois",ROMEOVILLE PD,39682,0,10,7,30,47,363,17,3,109,27,62,2,0,200,39645,2,11,13,22,66,576,17,0,110,19,75,0,0,204,33.90834220404504,1.1583598666817836,44,125,32,139,36,181
"Roselle village, Illinois",ROSELLE PD (MCA),23094,0,3,7,6,18,130,4,6,82,14,48,1,0,145,23095,0,2,1,5,24,212,10,3,89,13,58,1,0,161,28.1784871967655,0.8762604119276476,38,77,39,90,21,64
"Rosemont village, Illinois",ROSEMONT PD,4231,1,3,4,27,10,276,15,0,20,27,13,2,0,62,4244,0,1,7,10,7,215,12,0,11,21,3,1,1,37,21.945554445554446,0.9329443127930097,34,76,41,99,8,36
"Round Lake Beach village, Illinois",ROUND LAKE BEACH PD,27983,0,16,10,21,47,479,8,1,67,19,71,0,0,157,28067,1,6,5,23,60,592,10,0,61,35,66,0,0,162,31.924006235385814,0.9651251269918175,65,107,73,131,42,88
"Round Lake Heights village, Illinois",ROUND LAKE HEIGHTS PD,2731,0,0,0,2,3,29,2,0,6,5,4,0,0,15,2736,0,1,2,10,4,24,0,0,6,1,6,0,0,13,35.36462699077955,1.0510054432898188,66,143,74,165,43,122
"Round Lake Park village, Illinois",ROUND LAKE PARK PD,7350,0,0,0,10,8,69,1,0,99,19,101,1,0,220,7352,0,0,1,1,16,64,1,0,115,12,99,2,1,229,29.106463878326995,0.980971657197187,64,143,72,165,41,121
"Round Lake village, Illinois",ROUND LAKE PD,18584,0,4,2,15,25,145,3,0,55,19,70,1,0,145,18503,0,3,6,14,16,134,1,0,49,4,50,0,0,103,37.294688749286124,1.0985952805909076,65,134,73,156,42,113
"Sauk Village village, Illinois",SAUK VILLAGE PD (MCA),10555,1,4,13,14,103,70,16,2,9,13,10,4,0,36,10559,3,4,22,21,165,109,14,5,16,26,14,1,0,57,34.14583905520461,0.9378624698908953,39,97,41,157,48,159
"Schaumburg village, Illinois",SCHAUMBURG PD,75050,1,13,18,23,127,1652,41,2,127,46,74,7,0,254,75060,0,21,22,33,149,1653,78,1,194,39,122,3,0,358,28.013711033501487,0.9577137217993759,45,135,46,152,20,84
"Schiller Park village, Illinois",SCHILLER PARK PD,11871,1,2,5,6,33,161,11,1,19,10,9,0,0,38,11892,0,1,2,5,72,172,18,0,19,14,10,0,0,43,29.900249376558605,0.9523727509436514,30,66,36,90,4,27
"Shorewood village, Illinois",SHOREWOOD PD,16796,2,4,0,11,22,165,11,0,38,10,9,0,0,57,16490,0,3,2,3,22,106,9,2,48,9,12,0,1,70,32.23054715424801,0.8073968951779428,52,148,40,171,44,209
"Skokie village, Illinois",SKOKIE PD,65184,0,15,29,110,229,1055,49,3,180,46,111,0,5,342,65263,2,16,46,109,256,1027,46,7,211,51,101,0,0,363,29.922937443336355,1.1034402978793993,29,66,38,93,25,52
"Sleepy Hollow village, Illinois",SLEEPY HOLLOW PD,3348,0,0,0,1,2,9,0,0,13,1,9,0,0,23,3338,0,0,0,1,2,15,0,0,6,2,6,0,0,14,31.273990734612838,0.5440599380374654,58,137,62,161,34,123
"South Barrington village, Illinois",SOUTH BARRINGTON PD,4883,0,0,1,0,9,42,0,0,32,10,39,3,0,84,4745,0,0,0,0,6,50,0,0,24,12,31,0,0,67,29.78207033184745,0.8383233103478505,48,,52,,23,
"South Chicago Heights village, Illinois",SOUTH CHICAGO HEIGHTS PD,4161,0,0,6,6,17,134,5,1,3,1,1,0,0,5,4162,0,2,7,7,18,108,7,0,9,1,3,0,0,13,26.90929041697147,1.1715971257088584,44,109,46,147,52,171
"South Elgin village, Illinois",SOUTH ELGIN PD,22280,0,0,2,16,18,244,2,0,48,8,46,0,0,102,22248,0,1,2,23,27,207,3,0,44,10,59,0,1,114,31.95385325334564,0.7522847367274534,58,118,59,142,38,104
"South Holland village, Illinois",SOUTH SUBURBAN COLLEGE PD,22169,1,6,43,16,77,358,44,1,73,33,5,1,0,112,22201,1,12,34,16,82,282,35,1,71,31,10,0,0,112,34.20712153046556,0.6879581499725808,33,82,37,110,41,138
"Spring Grove village, Illinois",SPRING GROVE PD,5712,0,0,0,0,1,23,1,1,25,2,22,0,0,49,5718,0,3,0,1,7,34,0,1,33,9,25,2,0,69,38.134130146082335,0.259327055836908,80,,86,,57,
"St. Charles city, Illinois",ST CHARLES PD (MCA),33489,0,2,4,16,43,364,9,3,119,28,114,0,0,261,33335,0,3,2,15,63,420,7,1,84,16,76,0,0,176,30.23322722820764,0.5572656166192156,60,133,58,157,45,119
"Steger village, Illinois",STEGER PD (MCA),9552,0,3,10,18,61,242,16,2,39,7,12,2,0,60,9561,0,5,18,13,74,332,16,1,38,1,12,0,0,51,29.20275344180225,1.096003115548518,45,107,47,150,54,169
"Stickney village, Illinois",STICKNEY PD,6825,0,1,3,2,3,75,4,1,7,2,1,0,1,11,6833,0,1,2,5,6,68,4,0,22,2,4,0,0,28,29.35191403626595,0.8370857563432437,23,64,11,58,31,103
"Stone Park village, Illinois",,,,,,,,,,,,,,,,,,,,,,,,,,,,,,,,27.660574412532636,0.3255602105057703,31,74,33,70,11,47
"Streamwood village, Illinois",STREAMWOOD PD,40451,0,5,12,33,50,516,14,1,94,20,83,2,0,199,40456,0,9,8,24,67,575,22,0,94,11,76,1,0,182,31.621231095270204,1.0973077281161487,50,114,51,138,27,93
"Sugar Grove village, Illinois",,,,,,,,,,,,,,,,,,,,,,,,,,,,,,,,35.13070539419087,0.5464487785831489,52,,50,,40,
"Summit village, Illinois",SUMMIT PD,11547,1,1,12,22,20,139,37,4,76,45,33,0,0,154,11561,0,2,14,29,34,197,41,19,72,43,28,0,0,143,28.833002426649017,0.9091398677993815,25,64,12,28,31,109
"Symerton village, Illinois",,,,,,,,,,,,,,,,,,,,,,,,,,,,,,,,42.22222222222222,0.438159320026818,63,,60,,64,
"Third Lake village, Illinois",,,,,,,,,,,,,,,,,,,,,,,,,,,,,,,,34.50146627565982,0.3440220241209936,59,148,67,176,36,174
"Thornton village, Illinois",THORNTON PD,2403,0,0,2,0,7,27,1,0,10,0,3,0,0,13,2349,0,1,1,6,4,20,1,0,18,3,13,0,0,34,30.465918895599653,0.7250159402181019,39,80,39,103,44,136
"Tinley Park village, Illinois",TINLEY PARK PD (MCA),57403,0,6,12,37,81,581,16,2,189,23,140,4,1,357,57405,0,4,12,24,95,749,25,4,193,43,125,6,0,367,33.0997809342096,0.6737358573713016,38,89,39,71,42,130
"Tower Lakes village, Illinois",TOWER LAKES PD,1261,0,0,0,0,1,4,0,0,0,0,0,0,0,0,1275,0,0,0,0,1,3,0,0,1,0,0,0,0,1,40.45293072824156,0.293940321136846,66,,67,,42,
"Trout Valley village, Illinois",,,,,,,,,,,,,,,,,,,,,,,,,,,,,,,,34.17670682730924,0.2752301879979645,70,124,74,141,45,117
"Union village, Illinois",,,,,,,,,,,,,,,,,,,,,,,,,,,,,,,,30.255102040816325,0.14483725263473424,70,,74,,46,
"University Park village, Illinois",UNIVERSITY PARK PD (MCA),7087,1,2,7,3,14,68,5,0,5,0,0,0,0,5,7105,1,7,23,9,44,89,12,0,7,0,0,0,0,7,40.85021851410409,0.5204635454500716,51,61,50,89,55,115
"Vernon Hills village, Illinois",VERNON HILLS PD,26132,0,2,6,5,65,454,4,2,55,11,48,1,0,115,25759,0,2,4,4,42,466,4,12,59,15,69,6,0,149,26.49992002559181,0.9075191748874073,48,87,56,111,25,68
"Villa Park village, Illinois",VILLA PARK PD,22067,0,8,4,9,21,364,14,0,33,15,29,0,1,78,22136,0,4,7,8,43,425,28,0,55,8,45,0,0,108,27.21511358368104,0.8898556538733127,35,68,33,86,21,104
"Virgil village, Illinois",,,,,,,,,,,,,,,,,,,,,,,,,,,,,,,,29.601063829787233,0.019734531618407963,72,,70,,54,
"Volo village, Illinois",,,,,,,,,,,,,,,,,,,,,,,,,,,,,,,,40.76283987915408,0.9264876695552168,69,,72,,46,
"Wadsworth village, Illinois",,,,,,,,,,,,,,,,,,,,,,,,,,,,,,,,26.13336992316136,0.8568677685897303,59,,67,,36,
"Warrenville city, Illinois",WARRENVILLE PD,13373,0,6,4,3,12,100,6,0,64,9,37,2,0,112,13400,0,5,1,5,14,81,5,0,94,16,68,2,0,180,26.114751812604574,0.8579513169520221,40,144,38,121,28,179
"Wauconda village, Illinois",WAUCONDA PD,13954,0,2,1,3,13,79,3,0,12,3,22,0,0,37,13870,0,4,0,4,21,86,3,1,30,5,28,0,0,63,31.971487082545682,0.7723076691216382,64,,66,,39,
"Waukegan city, Illinois",WAUKEGAN PD,88855,1,17,160,208,490,1796,129,27,170,158,104,5,5,442,88747,6,27,151,206,654,1837,85,22,208,101,116,7,0,432,25.918539622243326,1.1594072826770419,59,100,67,126,35,114
"Wayne village, Illinois",WAYNE PD (MCA),2450,0,0,0,0,1,1,0,0,3,0,2,0,0,5,2458,0,0,0,0,6,1,0,0,6,1,6,2,0,15,35.335241210139,0.1954442481467319,56,,56,,36,
"West Chicago city, Illinois",WEST CHICAGO PD,27578,1,6,10,5,67,273,18,3,32,8,24,0,1,65,27636,0,7,5,13,55,273,18,1,38,14,36,0,1,89,25.00627647889534,0.9825605183640145,51,91,49,109,38,117
"West Dundee village, Illinois",WEST DUNDEE PD,7405,0,0,1,0,8,118,0,0,18,1,10,0,0,29,7375,1,1,0,0,11,168,2,0,16,2,16,0,0,34,29.36884625094673,0.684780597861204,54,127,58,151,30,113
"Westchester village, Illinois",WESTCHESTER PD,16827,0,7,3,4,39,177,6,1,23,6,11,0,1,41,16849,0,0,1,4,27,123,8,2,26,5,6,0,0,37,29.51701134089393,1.0286229123324389,26,55,25,56,17,62
"Western Springs village, Illinois",WESTERN SPRINGS PD,13359,0,0,0,1,10,31,1,0,7,0,3,0,0,10,13217,0,0,2,0,8,35,1,0,9,2,6,0,0,17,32.01342916587857,0.24018463638848284,31,64,23,51,18,93
"Westmont village, Illinois",WESTMONT PD,25034,0,3,7,13,51,267,8,5,72,16,60,5,9,162,25047,0,2,10,7,35,235,9,1,84,18,77,7,0,186,28.550152749490834,0.981668368460786,36,69,29,64,23,109
"Wheaton city, Illinois",WHEATON PD,53800,0,2,9,12,60,321,7,5,185,47,146,0,0,378,53806,0,5,12,11,48,311,11,2,172,40,166,1,0,379,26.315251604463885,0.6269158551320395,45,82,43,100,32,108
"Wheeling village, Illinois",WHEELING PD (MCA),38093,0,8,10,32,73,325,9,0,128,15,34,0,6,183,38095,0,9,14,24,99,393,10,3,90,7,32,0,0,129,25.89241992704742,1.0806175626633743,43,76,50,99,18,57
"Willow Springs village, Illinois",WILLOW SPRINGS PD,5720,0,0,1,1,3,18,1,0,1,0,1,0,0,2,5722,1,0,2,3,5,22,1,0,4,5,0,0,0,9,35.97257769652651,0.5481327714970439,29,90,17,33,24,134
"Willowbrook village, Illinois",WILLOWBROOK PD,8651,0,2,3,8,15,116,7,0,20,4,13,2,0,39,8675,0,0,3,2,8,106,6,0,9,0,5,0,0,14,28.11206696117182,0.8384647526493051,34,126,21,129,21,165
"Wilmette village, Illinois",WILMETTE PD,27531,0,2,1,4,64,298,10,0,146,30,36,0,0,212,27427,0,3,2,5,57,290,5,0,92,10,15,1,0,118,34.22332457932108,0.6369525552880647,32,52,41,80,27,76
"Wilmington city, Illinois",WILMINGTON PD,5703,0,0,1,4,9,39,3,0,17,3,17,1,0,38,5709,0,4,1,2,14,32,2,0,11,3,11,1,0,26,32.98231511254019,0.5609763020780881,67,,55,,59,
"Winfield village, Illinois",WINFIELD PD,9679,0,1,0,2,4,21,2,0,11,2,7,1,0,21,9582,0,0,0,0,8,32,2,0,11,1,9,0,0,21,30.254401030485187,0.4510437334878495,45,87,43,105,33,113
"Winnetka village, Illinois",WINNETKA PD,12563,0,1,0,1,12,75,2,0,97,5,1,0,0,103,12477,0,1,0,1,16,81,4,0,31,1,9,1,0,42,34.96765996765997,0.4210186509717915,34,58,43,86,27,73
"Winthrop Harbor village, Illinois",WINTHROP HARBOR PD,6722,0,8,0,5,13,50,5,0,18,7,19,0,0,44,6726,1,6,0,3,5,40,1,0,27,7,22,0,0,56,27.028815054395768,0.48817146013718227,69,115,77,142,46,135
"Wonder Lake village, Illinois",,,,,,,,,,,,,,,,,,,,,,,,,,,,,,,,37.08245243128964,0.35862452588477634,87,182,90,207,64,166
"Wood Dale city, Illinois",WOODDALE PD,13986,0,0,3,4,23,142,6,0,71,8,62,0,0,141,14016,0,1,7,1,22,119,9,0,75,10,55,0,0,140,26.395529338714685,0.7823781286183936,36,67,36,80,16,54
"Woodridge village, Illinois",WOODRIDGE PD (MCA),33474,1,8,11,11,40,321,13,7,153,21,87,1,2,264,33511,1,6,12,18,29,334,10,1,155,17,81,0,0,253,30.586764788495028,1.0307178309468414,39,122,28,117,26,162
"Woodstock city, Illinois",WOODSTOCK PD,25262,1,9,3,17,46,285,11,0,38,10,44,0,0,92,25222,0,8,5,21,55,301,3,1,52,17,45,0,1,115,28.37665104388581,0.7695435735033012,80,120,84,137,56,113
"Worth village, Illinois",WORTH PD,10848,0,0,2,7,22,64,11,1,13,5,7,0,0,25,10859,0,1,4,5,22,101,8,0,6,4,3,0,0,13,33.86377215694085,0.5118996948116328,37,77,22,38,29,139
"Zion city, Illinois",ZION PD,24239,3,28,32,86,180,494,58,7,82,59,62,22,0,225,24316,1,20,38,111,275,491,51,2,110,91,96,15,0,312,28.72540022432956,1.2750424098551214,70,108,79,134,46,122
